frame_start	frame_end	Left-Cerebral-White-Matter	Left-Lateral-Ventricle	Left-Inf-Lat-Vent	Left-Cerebellum-White-Matter	Left-Cerebellum-Cortex	Left-Thalamus	Left-Caudate	Left-Putamen	Left-Pallidum	3rd-Ventricle	4th-Ventricle	Brain-Stem	Left-Hippocampus	Left-Amygdala	CSF	Left-Accumbens-area	Left-VentralDC	Left-choroid-plexus	Right-Cerebral-White-Matter	Right-Lateral-Ventricle	Right-Inf-Lat-Vent	Right-Cerebellum-White-Matter	Right-Cerebellum-Cortex	Right-Thalamus	Right-Caudate	Right-Putamen	Right-Pallidum	Right-Hippocampus	Right-Amygdala	Right-Accumbens-area	Right-VentralDC	Right-choroid-plexus	Optic-Chiasm	AirCavity	Skull	Vermis	Pons	CSF-ExtraCerebral	Head-ExtraCerebral	ctx-lh-bankssts	ctx-lh-caudalanteriorcingulate	ctx-lh-caudalmiddlefrontal	ctx-lh-cuneus	ctx-lh-entorhinal	ctx-lh-fusiform	ctx-lh-inferiorparietal	ctx-lh-inferiortemporal	ctx-lh-isthmuscingulate	ctx-lh-lateraloccipital	ctx-lh-lateralorbitofrontal	ctx-lh-lingual	ctx-lh-medialorbitofrontal	ctx-lh-middletemporal	ctx-lh-parahippocampal	ctx-lh-paracentral	ctx-lh-parsopercularis	ctx-lh-parsorbitalis	ctx-lh-parstriangularis	ctx-lh-pericalcarine	ctx-lh-postcentral	ctx-lh-posteriorcingulate	ctx-lh-precentral	ctx-lh-precuneus	ctx-lh-rostralanteriorcingulate	ctx-lh-rostralmiddlefrontal	ctx-lh-superiorfrontal	ctx-lh-superiorparietal	ctx-lh-superiortemporal	ctx-lh-supramarginal	ctx-lh-frontalpole	ctx-lh-temporalpole	ctx-lh-transversetemporal	ctx-lh-insula	ctx-rh-bankssts	ctx-rh-caudalanteriorcingulate	ctx-rh-caudalmiddlefrontal	ctx-rh-cuneus	ctx-rh-entorhinal	ctx-rh-fusiform	ctx-rh-inferiorparietal	ctx-rh-inferiortemporal	ctx-rh-isthmuscingulate	ctx-rh-lateraloccipital	ctx-rh-lateralorbitofrontal	ctx-rh-lingual	ctx-rh-medialorbitofrontal	ctx-rh-middletemporal	ctx-rh-parahippocampal	ctx-rh-paracentral	ctx-rh-parsopercularis	ctx-rh-parsorbitalis	ctx-rh-parstriangularis	ctx-rh-pericalcarine	ctx-rh-postcentral	ctx-rh-posteriorcingulate	ctx-rh-precentral	ctx-rh-precuneus	ctx-rh-rostralanteriorcingulate	ctx-rh-rostralmiddlefrontal	ctx-rh-superiorfrontal	ctx-rh-superiorparietal	ctx-rh-superiortemporal	ctx-rh-supramarginal	ctx-rh-frontalpole	ctx-rh-temporalpole	ctx-rh-transversetemporal	ctx-rh-insula
0	30	27.91192840539145	15.534266117295472	4.765895493809964	15.442184824350319	27.45310851975638	10.936516948527228	21.180265246637568	30.22119594123911	15.661880330396299	22.67515177030128	29.758444982631314	44.795119742091906	17.47479182368119	66.77992396840258	28.16965454403813	23.168757547416703	11.445296924326463	5.337166175349044	31.754613300036844	49.51017343879874	73.95663228385875	33.195526729370165	46.24969830305989	17.93717920293684	12.232719557551524	39.73147300680305	9.701438315886827	29.916461341142373	33.52353438246244	61.1997246891361	43.15304606202969	47.273715017157855	430.51277347739415	26.72439375852765	15.466137207371222	9.174176688030993	24.773807704614846	36.18084644286054	12.799458123952359	7.373636424569889	21.763117515762637	20.501875825670815	25.093072277832775	125.49023559182086	37.75333071335334	24.426767875808228	20.236730418305974	46.28842119986495	26.862783123096694	35.585220655308184	22.679319520471527	43.454674262832384	21.410417962739295	14.238290017238564	29.295953286415525	79.2238470379749	125.81748258544678	19.249926798488644	9.840987838339462	21.24595424900951	44.21821217258379	22.884426511201543	37.01288559421807	91.64621328961975	36.103378104283536	33.420001789368676	31.062337607419575	41.02030033463022	35.7084279804615	2.8784704284876628	91.27968941851925	96.5838581017907	53.55552376326619	28.089171505781273	31.84979183825971	35.44345065199379	24.780221382200015	78.69192560764645	60.611245341558764	15.4673019602894	58.470234653222526	47.250882969027	25.88779674322191	65.1739451541222	33.538581764671335	31.55191698450876	37.97191248412465	11.072271503482103	46.820849606500204	20.06950595780301	27.688043888518035	32.60715364624749	13.46571867805506	29.854885537618653	19.178429720186006	38.03131926104145	22.758233910396893	36.8345745850535	25.62213683844321	37.228675341190154	28.542873449284897	61.59472494319764	23.13055537303908	6.488460426481616	79.35597187763513	90.40183993184432	61.64743998786054
30	60	3116.263565270096	2243.283386438841	2811.7885375151764	2979.409659049642	3763.795905432399	3617.6141442429666	3886.8511563779125	4499.261503551015	3231.8782944167697	2872.3097471579526	3070.1009785091364	3283.7273018639366	3897.2038862383315	3412.211472619098	3213.142334166479	5182.669071773831	3231.364872698444	2670.3129075865218	3126.504067987855	2032.8812057631221	3946.5314598083496	3012.9224102272706	3801.564340458702	3415.615046045079	3713.581526006621	4031.1870330917363	3488.393019627813	3841.61342490218	3745.272467497741	5442.448198264149	3344.9003650630793	2889.4717670555497	4127.771336213323	666.7812863227203	522.1404697341972	4727.759325229247	3363.4367686224314	3520.1623367766633	314.8146561395017	4129.175457480605	4272.099618803966	5134.772181404242	4821.611515682099	2941.4560599090046	3950.774758371356	4141.4987257554585	3775.910595521119	4096.095561815993	4212.532701700436	4878.063761918639	5008.699407939491	4918.482307416484	4071.6952303863063	3745.634230090726	4307.2894588084655	4800.881613424221	4603.80782723787	4898.167455240353	4225.047237520331	4720.0055858586775	4403.386579204359	4725.864704721849	4399.491944706396	4849.434561453123	4533.732510658683	4612.292075648952	4240.842483972999	4664.8743282485975	4288.207369045556	5503.939800125871	3267.229399636892	5855.511471994431	5051.291552112264	4496.716156681843	4203.142259576767	4585.52579810893	4762.982133800277	2973.1867288125527	4080.5144196432643	4138.658440881451	3704.9085427899813	4059.9882515245963	4649.251995707051	4851.607901255435	4801.130117535237	5286.197418458296	4163.134239250115	4312.843456100015	4566.702153413101	5060.696138671875	4538.71068666943	4951.298420066037	4938.615415346619	4516.153884458001	4640.988057599232	4361.824658086328	4395.079358915087	5297.509205113132	4291.250411524872	4629.290887095129	4243.418806272912	4576.72473176148	4330.50665393476	4761.722930908203	3135.7286318158563	6175.541631056778	4698.625697840507
60	90	11955.301413330128	8685.77814299382	11310.047772381757	12718.697416298926	15376.998847758594	14432.38833809377	15579.762313788964	17578.994638992255	11864.095109310763	11416.255320254832	11266.43366609998	11435.592685978214	14657.916316836898	12789.389762652852	12751.038384102281	17587.172322883882	12269.393769855817	10630.393401359292	12097.016977362122	8842.930660094307	14248.272141676684	12185.185105768182	15652.613578514118	14833.9377013227	15952.943810254043	15608.720078190392	13606.49786941756	13995.077505366646	12193.56403016936	17977.730915304066	11756.387789701768	11424.516369669733	8211.379864175811	2257.2385556122817	1812.6444534938437	16967.92287996702	12724.41786263941	12302.766855479933	1162.8362522850473	16004.994465948488	15085.34286329745	19026.373769158923	20262.564108767518	11709.086049974034	15148.187402917916	15724.38167497867	13948.192779943427	15976.678688836852	16118.653411613059	16622.91489801904	18427.655335324213	17003.77786281632	15178.999076395148	14385.287094464045	15708.085574722518	17923.03154308991	14120.480039291151	18542.219019049677	18250.010577932153	16425.331660210537	17986.384356668037	17542.899792030137	16763.09795001047	17221.93369796149	17539.85799418691	17428.656482761966	15802.996939177412	15695.434060750891	16205.578248621448	16480.81077170392	12713.610170036274	20277.668955772275	18116.447691330988	18054.594781624422	17618.414705174546	16748.74145297076	18506.36957097892	11475.69623421334	14222.393737822664	15877.481088289096	14569.164500291436	16152.760957055392	16647.698259421704	16343.307563977009	17613.727119776762	17738.676269997104	15671.49928927874	13780.896660075468	17204.41530613123	17563.173291913008	15193.78301402822	18263.23795525876	18187.758063483052	16114.286246713045	18923.885718584344	16223.740555161867	16945.330961806725	19130.67304546562	16796.925032675197	18002.23921792301	15679.844150420662	17000.55371896025	15865.76432746761	18746.031089399115	12444.192351747408	21931.611642808042	16608.658271069467
90	120	21996.793620022487	16702.03320331551	20838.685663996515	21814.374753346754	27579.992346657993	27682.84162414966	28198.8362754841	33356.38834941952	22511.183766961753	20778.953834468484	21321.129915905316	21205.264652210193	25670.667880788522	23654.398064283287	22041.358367844045	31059.721865866682	21290.629989537512	18917.13255322397	22042.078293422175	15447.621873064296	20846.99887084961	22956.60986760583	28162.778931856796	26935.61404888195	27649.966861872737	31410.865357132665	23554.959375728777	24557.986316142636	21048.87131740717	26640.529800529424	22550.1372854388	20050.863584996863	10652.506932848282	3869.3750924188166	3134.8367359372414	29961.89977427204	24360.075156536957	21592.72722004832	2106.0236904957314	29806.713287880797	26867.627657323257	33263.25757856948	36163.96407733386	19619.49177034411	26905.868843015065	28907.256867370885	26724.603430239957	29925.244894273037	29649.685325546583	30276.939933466718	34840.84207364158	30572.71104772557	28429.127489082803	26135.264968497984	28708.921935779472	31449.771009663848	27282.677931125792	31536.791452491416	33218.39826670434	29966.03530241073	30489.03117290296	31849.689410773375	31424.86063295237	29086.9592418222	32260.15233242628	31409.130973010895	28333.73694153804	28695.643774904882	30090.428085421543	33102.85619324391	24492.55683055072	37825.02305334104	30259.211521252524	31282.655416205194	30086.51951092985	30934.000768695478	34182.80125902231	20163.09088918325	26149.67294748931	29294.41490821758	26331.213220187452	30038.826944836088	31896.99025375023	30185.75560287599	33392.87270327734	30959.218521465475	28689.008035009676	24032.785098805147	29384.888994616667	30265.475111275337	29859.032113426227	31903.344797340484	34425.9297854102	28538.059362809337	32075.437773391164	28884.304585598416	30420.362180700427	30507.67810263181	31221.330352400964	31948.519274137354	28863.14668120608	29195.82564079257	29131.354903592808	31862.927242683963	22729.770544066338	38673.102667954816	28234.175302854113
120	150	30605.103125705857	23024.075917732516	27822.669413798565	31615.65024369918	39584.348712473904	38814.294289364596	39660.758548488666	45286.367379430725	31860.86427846026	29101.98548055677	29815.50644077035	28728.254742352216	33179.39431246959	33639.18171959918	27178.900851954873	38607.279637618034	31163.027122663123	25746.220949239807	30900.796265880508	20130.81221603227	33634.19573505108	32853.32130264532	40100.423492636015	38868.85742777108	41550.872635906846	43303.32393816105	33222.37972976912	34193.32842528525	32420.07804616638	39786.57498594453	31551.491432209255	27997.633173403534	14617.711429508588	5121.654024793948	4256.854706530302	42300.9568366916	34512.02833120961	29179.723316789226	2834.786268379877	40956.733291575096	38423.616398757455	47418.568785096795	50693.76591167025	28669.096333374728	37702.515269494885	39987.35420098259	37313.92176571219	40072.34622877066	41918.948304813304	41085.87566236718	47390.0736097322	41332.063696863464	39433.24456076545	36515.35455645161	37975.05411184826	44627.7203793812	36357.75273275231	45085.64821140247	47910.73431146551	41836.39067406824	42324.34649465461	43553.39522345158	43241.01478973722	38883.851501429825	44731.14501786054	43033.222950695716	40559.29883251279	38901.27046195676	41610.42704330314	44927.506423683386	33061.85174715	50303.89290332887	42134.53357092915	43794.20700607884	41133.54337794204	43193.25683575815	47170.71687838337	29041.68803240802	38443.53367710512	41420.52431810956	38109.14316683807	40814.37730399542	44688.12646488615	42071.35992121293	45837.33919519217	43229.091870879194	40093.83477583787	34414.99529939539	39035.31086638925	43861.803391891895	40445.01423891129	45001.967036999085	46770.06229345746	38808.12503244097	44969.43264788608	40966.887688947885	42825.041426578624	41899.83648397492	44290.74659188849	44150.81952842282	39906.33187864125	39806.6897618626	40227.71655294442	43985.61992282974	31533.21353200796	48781.46644619501	39654.85085075385
150	180	34509.91037460412	25074.570131513974	29767.688674514357	36209.105261299184	44547.04530919425	43412.77341180099	46371.44014139247	52262.76630313544	36760.2289484632	31240.162882581826	32340.578507189577	32177.391834094837	35902.33707564203	36610.826407099186	28411.204776075334	42666.432694469426	35454.823387096774	26688.72622030829	34633.59981816172	23031.079617233958	28980.237642728367	36629.98163565478	45096.794453558134	43688.29862632681	45097.1703524565	48449.89627006924	38344.9415585646	35926.534948374174	32224.8265625	46877.463341571405	35145.26494670406	29549.24008086852	12913.019203244276	5390.631376889745	4604.164429821005	47076.78547598938	37933.110994673494	31495.800293850123	3086.003505893559	47820.09857508904	42894.15936953246	52931.94785037914	55931.06135802818	33025.506912143246	43640.869572972806	45069.39864065026	43112.47427019144	43882.65425140172	47333.6201054624	45045.74641086427	52266.93662701977	45411.54428229639	44528.153558988655	40819.27981014785	43209.23823099005	46561.68363542959	41067.90463358254	49179.881819331466	54272.40608854764	45256.55710687774	48590.467454769736	48014.51327255966	49009.61690160174	43304.74849789784	49808.078499054005	48326.84138289414	44934.0289444158	43371.67178617167	46717.060863633276	49501.20738251977	34712.34720059488	53482.99384204601	44758.500849227006	48559.81667369362	44689.335912797076	48570.08352810778	50649.08928190617	32101.65952899005	43097.285961864174	46353.092744223206	42595.95835563528	42701.486810974195	50067.0646309362	44919.86160995176	50650.927791641276	47156.88768453131	45540.026475725404	37789.1596105239	43193.474105898	48882.16236739865	43606.09140767267	47580.17812734479	53252.980135234575	43261.50625979777	49800.23110473198	45015.41924072553	47613.66701124558	46711.824900707055	49102.70872146724	48901.93197988672	45354.47326927159	44495.53322335972	45308.98446555211	49501.681204854445	35192.2081230431	53817.27736232907	42383.56115948906
180	240	35153.708773615544	24454.62098363429	29142.845297323693	36797.945173070395	45187.10061968568	45647.3653910166	47505.62211852566	52752.35286893416	37703.0966001554	32656.197618462265	32909.687973032596	33009.73728082942	36718.81594726044	37890.23924762228	27307.251028522813	45755.53781896358	34099.75832245082	26685.819664967992	35303.78215349881	21977.84522713547	32175.982370229867	37413.147384130585	45461.2912090812	45135.746136163754	45846.58454632035	50131.98504793791	40187.372217525655	36622.07136930802	34881.85257050737	43202.163790175226	34967.06326553317	29364.619090000524	12325.984032084923	5312.00790227877	4621.569914867694	47198.54010718308	37867.13223186576	31356.601504854523	3172.348942732535	47617.85438591713	40788.245139968894	52723.438144788124	56135.71717949442	32838.943101404446	42500.874624159806	46296.234648154736	44207.82345849067	44802.239101676976	47277.87133445931	45559.26940059799	52163.544905131115	45172.925463488005	45269.715493911484	41575.34708249328	43659.85612212934	47809.48423057537	40512.52698675887	50066.55090579525	53011.818091782676	45473.010907975535	48477.32278645833	48315.6038567756	49818.264667020885	43430.62847875879	50174.23423577394	48532.9680157373	45823.80270054913	44364.12397703259	46530.098295317985	49248.668310262285	36419.52318148902	53807.466098922836	45142.67752801624	48215.71328392444	43449.59668008593	48693.939109848485	52260.82281593463	32559.617482778187	42627.61837316299	47855.435430637226	43217.93758900085	45129.78708241592	50914.73081131425	45058.06188991227	50857.15569500009	47455.832184449326	45652.25055536854	38501.72072017894	43524.42766364078	48808.36156967905	43060.26480560885	48749.01179300175	53879.745517575306	43536.92898225116	48628.18955970122	45252.77583553883	48012.15831090175	45034.21376716713	49589.24955889441	49651.44133370826	45269.002606530754	45140.3028191079	46529.39778832539	52237.50465913059	35831.58360000345	53378.20490626858	43983.78648979942
240	300	34390.261752356404	23282.629542368257	28263.398807010137	36306.000734629095	44247.02930690527	43817.70399422105	46424.299382084384	51929.01088517144	37344.277092917975	31922.892315583722	29623.40329825062	32285.11093081607	34854.08642759578	38483.657934358016	25972.356527380656	44854.989468581385	33882.52694376986	25469.78020631528	34510.20547440485	21510.823037196482	28479.726956881008	37322.223621909696	44569.26288674699	44726.82567032756	45380.46564607295	48843.47274631192	39557.19170213386	35134.53871700857	33511.390841128115	44696.178861741006	34420.79474916648	26819.91056777801	11498.5908203125	5230.364547307389	4566.248549244468	45295.544133586714	38552.56854471665	29857.711875095512	3234.7019257578645	45930.963703489695	41186.73689310362	50655.456622845704	52734.327944874545	33881.08145490878	42509.7048775493	44912.38462341982	43671.47560739949	43173.00566508008	45350.823048999315	44299.32375568844	50128.314181283095	44136.90469843245	44325.39501579048	41861.187477738575	42056.409381311714	45186.623674976734	39036.37725184691	46720.7123324068	50337.69468911453	43304.71000854414	45281.02471285636	46528.76948807334	47690.57908253927	41269.535850432985	48099.087144806486	46777.07609600291	43642.1368888367	42659.27294503133	44914.47258538758	46718.51243429954	36877.10799762204	51053.58609534749	43743.201941229025	46228.99954062626	42646.75404570201	47312.77040791437	49444.64070086942	31592.16479739627	42267.93256986551	45799.41619297535	42324.53143968832	43772.676401711215	48730.49163490316	43515.22807005655	49146.41628719134	45683.332061597044	44285.277659192645	37622.51932211483	41189.02587204799	45424.560000422294	41408.46047851901	46331.78849019703	51161.03246724664	41561.83274280846	47654.67185588579	43115.352484557	46633.78986272046	43577.393978410146	47799.92447193962	47499.40382099441	43445.552856195	44056.6928128794	44460.21422650201	48530.574692028196	35795.38732603549	50349.125592207936	42730.53988730129
300	360	32823.69462451623	21680.81670954448	26397.770821236274	35279.758933211946	41759.179560952165	43290.35030901752	43671.29338495749	48416.25981813155	37307.54317522758	29458.542252452407	29526.743275669643	31060.0545880964	34597.10353895467	36024.681506029214	24912.01282739853	42989.93685364209	34151.284959028286	22300.55871220098	32962.87979023554	19847.739710573587	28449.411442683293	35521.84128596586	42023.40998706963	42593.301786437034	42572.01831476603	47105.58188322744	39162.173667793846	33675.65044018841	35662.62568647251	43686.10591676818	33874.70105744236	23756.47954117893	10875.195051586355	5002.637415996127	4395.135139587485	42659.9201913409	36815.16287598655	28097.91834101045	3240.3635424938298	43895.24416489845	39652.544643435715	48021.899994920204	48785.70663214851	32471.008884460804	40246.17230782628	42043.03329728789	40818.51057251156	41168.788432234	42309.057902866	41450.01580188811	46265.820606995396	41092.3641357985	41839.07234865555	39268.56453797043	39281.81753914432	43459.38083611197	36170.13014096724	44571.23483230461	46109.76043759567	40874.975155076536	43552.89353138706	42970.945756160785	44575.50773992582	39300.66207463784	45316.0053493126	44137.62177694329	40804.02494905377	40931.196997904364	42034.641201859275	44699.19327074443	33944.19233671942	47025.92080049598	41187.2519764314	43090.799207265656	39887.25340103529	44329.68815247647	46039.24063166421	30013.340448327966	40099.58460450217	43105.14448097665	39412.899349713094	39810.30327436135	45198.61164864304	40388.13456411387	46100.425787321605	42366.31975507275	42527.34375543386	36601.91448436064	37896.95002183885	42854.68082010135	38042.13858482104	43004.451588292715	48272.60200831588	38814.89403957584	43632.6572671078	40816.96536456528	44308.802938975576	40535.769679462	44773.4504024345	43992.38705107074	40562.8559323335	41265.09778508828	41711.86275390065	46319.48019801305	34898.0512451374	44329.03724175089	40837.7250142572
360	480	30209.186501141194	19912.16491961172	22572.56523503484	32563.307291740704	37861.18868796739	40643.28783191936	39139.72603855085	43564.599628657066	35453.5073001297	28467.17314142021	26223.27631462832	28757.611367807018	30555.46179931511	34121.094200067935	22315.95153025547	38902.80206518379	31918.876725355876	20759.02074866282	30234.80783869189	18157.993742450755	27561.144841120793	33050.07633858438	38080.6194760757	40402.16799290492	38953.52775768296	42353.721734824416	35952.45443315648	30585.400338882984	32798.47325990292	37962.15035841454	31824.686684314252	21710.011261496657	10875.390289539599	4648.576476957805	4175.489750244945	38063.46616242358	33933.985387704575	25069.591460141888	3202.5632628471217	39318.328117303536	33420.259750437406	41921.3513056238	43093.637633504746	27718.602371692104	36528.61291732377	37698.15207093842	36988.02505674381	35660.79464140345	37469.84635110894	36020.94050429575	40481.69436564969	36657.12073138719	38172.98404727871	36265.30641423051	35219.45791079911	37132.78095097317	31350.10742482534	39328.791459517044	40459.25870123541	35794.03717128451	37999.21704838268	38176.22026606447	39587.99467547468	36673.56137888608	40205.84147281862	38975.61444241162	36256.40667920564	36475.19980457766	37230.01964007443	38716.28829653674	31657.619759966103	39445.601518759126	37182.48800230151	39964.31394419553	35794.433709295954	38896.74755581382	40262.39226247232	27805.778467951593	37252.023246264034	38625.54709648148	36717.132349271924	35458.278991472886	39712.16461759824	36174.38619630961	39832.01900053651	38012.98906920829	38380.84520118943	33080.089584350586	33378.5661063692	38292.83359206081	33585.69347081762	38238.8118265236	41675.89385688295	34886.28763295441	39021.844551638496	36167.28022421328	38945.45275982959	36590.4663713338	39583.19830579189	39075.27053633825	36169.62884675845	37065.1136660259	37483.45844563662	40370.12193392109	32248.883526929727	39232.85243339402	36489.70623373788
480	600	27020.54084678699	17362.589824127306	20645.29834314295	29431.840488257927	32802.30720955656	36389.60344324819	34500.94329689468	38399.977189018835	33274.88210818202	24264.267099328623	22832.99998442691	25921.870197284687	27610.707968238476	31541.481902173913	19244.245937383454	33769.19766081666	29009.10312805474	17917.900860480542	26930.88878463145	15574.053202912073	23538.734943096453	29819.967901286604	33056.816272526135	36104.03317060145	32819.931970403	37069.72660143766	33239.56653159981	27747.01629347056	28958.93635071216	34261.01527946964	28993.373413924757	18307.01171058476	8767.184510675095	4293.857246620525	3882.221617024314	32320.75258707368	30455.350896232652	21457.51192733286	3173.2097655477532	32894.28791750341	29798.860599120333	35406.183821763705	36034.93668943547	25265.587558706648	31832.141109405624	32545.999381009406	32506.951405768577	30580.73777849998	31558.137625203326	30653.870899698486	34110.692105553455	31093.126608106955	32724.173323853767	30971.133708837366	29210.916157930787	31273.730198074983	26633.26163134618	32832.303431189706	33856.840512357085	30528.624033564352	32538.93932428728	32222.287852247275	33489.72874280416	31432.13131936227	33756.46024025591	33388.34795788677	31015.251828431985	30836.472333955542	31451.4955739562	32450.63297919052	27573.62219401412	33775.47712732777	33005.36505035154	33151.52033279425	30630.815657990363	33221.344222050044	34092.61295393496	24281.686268162084	31691.70846003211	33431.88292584732	32049.94452562582	30367.74327914156	33798.74781072613	30358.709555138066	33890.62338191721	32663.138150651237	33275.01269600915	29035.182643665987	28757.675805724575	31679.697565878378	27932.351659038435	32213.368268926813	34425.586764234504	29488.154865336044	33355.75213210354	30456.35777199666	32616.83453979766	31718.313312892806	33333.73103668064	32930.91177011328	30877.527266903275	31312.24755871231	31695.146404465097	33656.51814073957	28638.822840699824	32611.769250241527	31741.174481672813
600	900	22661.317232685662	14576.835882823169	17523.737326132286	24899.565914220642	25426.91758540205	29771.264379909037	26427.612426696316	30321.6238524204	29069.299059838733	20219.64068760016	18374.529474018895	22024.608377145458	22773.95831956595	25803.192609544836	15691.307357628744	27485.65462356677	25008.583220976143	15740.769132465044	22554.178287399416	13355.046632456331	19169.826493483324	25315.43564822846	25626.06810949471	29829.418490553333	26319.68030212773	29277.27798874791	29123.784424556903	22355.839539652177	24742.018437322848	26106.799072631653	24995.855310168965	15274.074493102007	7397.003332239981	3816.6995758666844	3500.5874245304594	24937.893807311775	25746.174300650848	16805.205154225503	3104.0776307685046	26054.926130254906	23372.707317789333	27449.24086819538	27194.8400830343	21185.60708374729	25811.221713946135	25068.432142255144	26135.738962478725	24025.10837140793	24400.11781355112	23739.746973169986	26068.313670594584	24512.22426278016	26120.07663294394	25589.65784988239	23151.172605814725	24260.890155862282	19691.53858749528	25447.54433299951	25201.483861118086	23248.419538307477	24979.446758840462	24667.625226196185	26029.92944745542	25168.92066424179	26200.453087006757	25524.674645795327	23863.60370549664	25019.90097597214	24449.87815876578	24537.21619597601	23745.23209242052	25665.427296966285	26059.944064393647	26307.815131959826	23738.307443071706	25755.63555799472	26102.631397765952	20064.78020188615	25617.18804320517	25866.3171743897	25871.72114279725	23526.27652773486	26472.531690033957	23282.839216888187	25867.37977421356	25551.603259738207	26071.11277429856	23220.869526133818	21340.597551090006	24842.81385430743	21077.50371893156	24608.081402932552	26130.598335413808	22532.36006429622	25491.079111409217	23528.746431548676	25098.74258596729	25242.52170169198	25642.228085072173	25286.00692625493	23455.664075850138	24776.962644014315	24796.90813955182	25721.298332342223	23452.10809910748	25322.18591845645	25185.37572928919
900	1200	18693.880422540173	11603.603918080771	13521.035941459037	19997.427600276038	18387.091782229858	22967.470106890414	18923.00828380825	22843.742081151988	23998.33694388704	15544.245717769643	14058.610596514223	17326.26222838439	17407.932834585416	20354.46788892663	11968.98159997941	19531.636871557443	20318.44581710502	13080.582794600741	18553.194801479804	11038.860088597157	15893.216580904447	20515.5987082185	18651.768918633585	22580.09222624297	18752.768499268375	21519.92060685089	23039.704060022155	17213.37487436675	19616.57448846726	19406.411059606915	20798.015201970076	12281.928750947167	7241.2979969286735	3439.40456165178	3132.370216081701	17741.63050017093	21103.4242048017	12790.736118979745	3027.474456815941	19717.259057550582	18936.514446442456	20684.253241113816	20408.26426846698	16112.008666851065	19793.231384881416	18992.42591285156	19830.318060506306	18649.577967910493	18914.55102975305	18115.13504981356	19672.612207014834	18693.863288683468	19728.258327700165	19904.06777217742	17285.07906547469	18747.045642301877	15443.896344787045	19098.942672140696	19584.31662226727	17278.091447446448	19341.323483072916	18567.030286362995	19243.51184157629	19004.217488536735	19920.57351126506	19384.79116939301	17603.388159181683	19192.889070916037	18346.307130008372	17729.94725302157	18424.665738094656	20079.212894428554	19885.594156769537	20162.818892689036	18227.742898705248	19047.167162211605	19519.71260291072	15627.141496812976	19580.931805159198	19644.92181533265	19946.400991207287	18201.5598101276	20114.22171318079	17769.948340332532	19708.784932152572	18928.75110300851	19687.069317476304	17922.656148125145	16106.239512509466	18584.801308699323	16092.122686126106	18694.76467079987	19731.89175957319	16942.5021472351	19278.026237732152	17569.388305537108	18814.589122828693	19036.00858356611	19412.78031341809	18691.62897984982	17599.677269539927	18605.630782467244	18699.945622384257	19601.397683255498	18295.341030557807	18488.562438456822	19491.83493740755
1200	1500	16651.21139746133	9911.827675392606	12293.118921228357	17287.68121539525	14456.744477015887	18443.543724685598	15397.682388666955	17826.95287448146	19623.353835665257	12296.96282878363	11262.737314420681	14601.974062701007	14294.522493080594	16564.707428243884	9557.854223402148	15572.49289708858	17009.225362750487	11105.361785477384	16535.960019986214	9674.188102681337	12673.157630333533	17248.79856207217	14638.430117940434	18241.668977408113	14711.246264796679	17725.568777434702	20273.61226788421	14371.96660933288	15576.75430241107	15745.710738380809	17719.080105320412	10955.892558528429	6912.786322906727	3192.393032374535	2974.3818886356735	14273.088916958253	17959.197392712522	10946.987509297736	3002.736870228355	17087.46313483963	15977.034863635627	17301.442231212248	17130.802408559844	13635.103723920702	16617.47499478465	16106.550916694943	16816.09415083417	15652.783624468313	16215.503973738269	15648.874359291402	16360.056791648281	15795.462729641607	16542.48908137258	16202.667908686157	14813.73227942311	15643.656828788966	12899.427913792544	16140.891195353377	16542.234194113567	14482.30785448989	16624.58418551261	15577.549521667257	16452.536365379743	16185.144594001003	16975.516081321137	16312.56545029181	14856.352429208193	16117.062602969474	15483.84282291057	15141.206107947153	15923.217481468359	16198.837410426302	16856.58351035678	17504.65818228013	15798.396991980315	16370.272644412878	16438.430855017636	13343.843201920792	16834.67092105323	16600.525959606857	17088.02140826594	15422.705999763404	17388.372567666614	15549.512886325947	16638.128722445952	16060.160018823153	16654.801461841194	14943.880605136646	13382.087369128254	15957.383437816723	13714.082073422054	15868.458873431595	17410.617860033002	14281.765043770905	16410.921586838766	15201.56897186785	15563.17292226361	15480.837340967615	16342.597420155858	15562.14363535527	14785.151246869393	15742.155364493752	15714.353159857896	16213.675719532886	15407.343366841404	15915.656859625817	16759.054441340533
1500	1800	15462.818715605837	9465.075637489941	11324.444751636402	15482.229760468714	12203.847150451089	16001.907621007387	13463.290015939861	15533.142332352816	18493.653950833865	10615.887671790015	10291.326622845723	12639.276847892816	12517.83743163544	14014.52647652004	8377.340307507926	12865.549643098022	15115.805363075055	10472.613528022868	15356.845956094154	8904.452571872676	12207.544248140775	15706.571145925103	12252.260798106161	15296.397916219705	12653.073997757692	15363.291974056223	17442.807176641207	12879.841439945854	13967.898327000072	13011.761679218984	15633.057498781503	10162.695328013953	5896.528305403149	3095.7233897989145	2918.3536632509213	11785.544142258888	15908.724078731242	9996.934177693429	3017.082222500504	15539.706327023814	14548.400976359999	15344.685756777491	15581.617287569696	11873.769152479226	15409.33703011602	14664.065483940973	15559.187332491294	14773.574437848523	14830.131869388508	14103.963146091135	15393.721342183298	14132.846160546094	15037.215305552427	14984.666983576948	13288.811710159056	14190.32945583902	12269.783670016286	14412.994415742263	15749.22452005298	13038.683239936625	15161.860477316337	14020.89090496075	15024.962844111551	14338.424292874624	15327.91768454321	14641.577321582605	13313.498788930068	14472.024650960939	13998.316825954716	13452.55677316429	14012.3470778651	15341.462225953932	15221.538447429499	15751.066590314136	13883.645946887113	14752.698962010016	15158.068593134842	11586.724689999142	15445.637122839913	15070.496916524553	15661.438827672144	13715.100859552045	16063.259148924551	13840.892555130069	15386.718128281427	14543.186856156883	14924.659605374842	13643.10825325461	11735.329763653586	14301.437986697636	12894.936834392885	14221.976948196594	16077.168488633388	13065.371571703712	14905.884175401283	13608.525997565737	14203.752296060979	13923.797333275139	14861.116178487746	13986.19933966701	13457.204964982591	14280.499185710492	14641.223006882707	14482.55507860237	13141.762167677642	14911.2190414592	14833.021094808151
1800	2100	14696.408328617566	8793.88173220393	9812.083601668075	14151.847299263572	10662.014464160655	14165.97822415099	11948.02740979711	14840.256272307868	16476.94184520605	9025.735570852758	8746.203354703073	11334.405683653013	10964.448301375724	12706.536597953465	7766.465178699768	12447.402680102012	13788.077438828812	9378.51596653365	14490.688301592723	8456.988932807853	10504.776346059945	14243.077468364809	10929.952039226871	13539.774279688869	11532.6170039099	13697.225021490023	15714.452562383396	10898.65940108887	11654.3718490912	12322.743874156671	13644.602700822219	9090.780044810828	5768.180205599952	3049.337569207737	2878.6569849289535	10616.3142415993	14508.745315287844	9419.537184127854	3022.3809717772333	14280.388129866531	13454.284587727612	14503.671764889583	14769.530293157117	11114.805635838151	14147.865596530883	13811.619120447238	14449.496937521715	13673.711700369891	14061.522402932764	13145.26428555416	14590.619050175186	13287.276345938293	13732.18253415695	14068.109922085014	12345.180363087224	13079.97438449907	11469.20266327181	14028.336783609335	14925.079994035232	12476.654442670331	14337.773297354715	13104.286941652934	14078.016627513265	12977.51600234644	14282.935747855547	13612.018735583442	12614.95628720048	13427.55498439532	13060.870692577277	13113.762653030028	12779.561775283444	15032.003205445168	13947.294201622222	15104.79890442509	13419.579305560868	13501.160525621986	14378.560999143905	10669.719929875555	14249.481236497078	14202.550891448782	14488.976448592055	12984.350968193114	15178.781453291534	13261.948882712966	14339.661487932408	13356.995200508765	14028.129434693063	12097.72298184563	11043.180787981853	13504.755487858953	11843.572021738424	13220.15816632479	15051.938127104928	12321.499616154866	13545.916951062982	12670.270877485045	13453.591058867134	12708.389473856494	13868.988439925217	12910.084282604508	12612.292258627025	13405.47911701519	13610.013359236838	13070.614715405683	12747.047885390431	13615.179360043847	13554.133935602567
2100	2400	13914.705986660318	8264.549140278268	9514.22668951911	12737.238392582678	9641.092909929273	12718.786129621976	11125.923560246772	13133.660291150303	15082.058937879307	8304.723290029198	8479.853018583886	10132.072202298734	10161.821576535818	10973.273598420516	6913.682745631449	10419.790088241907	12253.84296435881	9213.881714196217	13725.81024221717	7790.970203616669	9904.502227783203	12866.260427376592	9764.788498718603	12016.210064927283	10310.948231696637	12322.24303149611	13971.097941202192	10135.069646208054	10232.195297441893	10496.307053504497	12257.903197844851	8494.198014785614	5781.030057251908	2979.8587140201353	2850.2291797664343	9456.752072524534	13121.322545635272	8960.62904913312	3032.6911618036715	13774.182280615338	12571.155056761114	13782.995903834786	14150.886305521022	10129.59658287798	13156.57702558967	13117.80807098125	13618.691409027433	12772.866209029531	13445.797013769952	12419.104829033842	13892.029441742441	12667.54633085511	13141.385045926456	12261.60936890961	11869.387497779211	12789.76522298581	10752.513451705887	12743.160158325754	14001.819791517173	11467.52960177673	13793.15456140351	12312.799192720251	13117.20681028363	12439.441152024392	13510.188604464838	12772.917232840247	11962.296106797692	12783.580264705688	12626.641428325112	12200.140936426676	11867.78081739142	13972.215668170338	12981.438924664484	13749.796174927003	12103.805661671895	12996.613100823577	13550.21626642983	9918.10412927576	13519.363141422062	13282.360089846847	13683.383271199515	11851.74207121382	14237.594837599107	12524.17349936414	13524.697759080913	12365.940736019596	12948.111758584388	11587.277857163373	9986.874128194067	12752.388212521115	11592.800353432298	12734.816076784995	14185.737752196348	11597.54769557798	13260.243208083111	12059.791404882284	12476.96665487037	11559.946103115544	13096.031334733909	12119.54396296122	11960.35874474839	12514.359613469369	12715.36435601953	12557.622358439356	11316.648855429936	12572.90611297934	12821.823340693056
2400	2700	13135.492884000774	7548.972004224023	9852.708055650866	11951.395266156731	8589.30266869162	11573.431632320897	10066.323331480242	12046.199767992244	13016.265074010744	8089.965239838287	8006.211103937396	9605.361717292855	8950.467698177728	9966.044279891305	6510.864523077177	9202.998319996346	11721.446588618035	9091.988368114049	12992.012082109548	7651.105827000356	9594.329594538762	12074.754601836836	8669.600525002856	10769.075368295964	9714.381498690467	11208.32537149799	13442.51400055387	9373.822685824647	9379.91055097169	9959.443663910233	11328.178253515978	8126.492828471206	4657.784729469823	2941.5077220301614	2813.028616302657	8850.856877036076	11932.582243425775	8511.613767571636	3028.905768626851	12793.913542248834	11656.239402094674	12739.998553483934	13569.888731622495	9431.981968591943	12642.177938467472	12447.45908063116	13162.59623841221	12232.343285886367	12620.45769782167	11935.379512573418	12991.150351720089	11818.405727705001	12338.555345619801	11777.46146967406	11005.716933336606	11834.165426173813	10624.027956498714	12265.694959781464	13283.34978895337	11057.570875244925	13036.231897957785	11753.232017334465	12412.360131145933	11608.885278418362	12702.589173856093	11986.28302896798	11277.97344210319	12093.764637762997	11654.41218533984	10936.070959340523	11775.88623046875	13127.544013776473	12363.02972452319	12777.309183305855	11257.96276392289	11957.934097724403	12978.442173402642	9510.801249117465	12589.899881699768	12561.27953175067	12981.777763226322	11598.13161523518	13606.615185449364	11945.509631349045	12991.647869390941	11874.321430848408	12408.638446996718	11283.830431769877	9553.120020499475	12055.060013196791	10972.54876037873	11817.19027597335	13583.4674894415	10899.663645529361	12076.117273513957	11276.186956908561	11675.815355317161	10815.643189385839	12394.127072707019	11269.08926060159	11323.94513252347	11732.946149316445	11872.94775978747	11409.211912698585	10681.014175924649	12116.126709274673	12441.543110417
2700	3000	12423.445841408997	7369.229955940381	9116.50034806535	10489.757608547417	7819.353179402854	10167.757082875296	9433.770494283297	10782.278258906535	12184.946569336702	7100.823048127003	6813.282849810527	8300.784582693655	8424.072079074085	9174.178770168139	5427.564282432947	8424.835324513826	10687.081644968459	8428.094481763814	12298.619601244573	7346.960101953512	8621.823965219352	11074.04542952548	7978.688916937264	9723.048075019286	8544.654528016077	10625.805661090159	11284.205631449686	8485.649484095775	8722.062293061756	7736.553958372377	10305.421482344174	7294.026861184417	5083.259582985448	2911.918133799297	2782.772013657869	8257.942481976954	11191.063962164877	8140.878338850342	3032.1605236309265	12100.127058359303	11586.942355981078	12201.505052523968	12645.893410763732	8752.094396619852	12129.48116420987	11602.668207691762	12317.338423113735	11429.160539115923	12101.506589469098	11392.996155806788	12043.78986678105	11102.851251045191	11763.906033401752	10988.477863323253	10113.171683603101	11176.995041824985	10374.154743113906	11788.655511829882	12466.545853029025	10209.770865645296	11661.915116844846	10834.467186668093	11858.356202298974	10504.562822439311	11824.658803251183	11379.396866878844	10600.707576712131	11322.97022517502	11002.310534118948	11000.74571605368	10739.346656640959	12395.758913628895	11582.675934258954	12507.000619446611	10670.319791547136	11666.540249081727	12027.651789467478	9001.012445913779	12065.432459186206	11923.235571030986	12104.348023903503	10395.333041410757	13095.712733121758	11318.617141065792	12470.251677625914	11345.328177042516	11744.979738139413	10695.549531600054	8876.658041149025	11319.770334987332	10068.055151392593	11428.450344141667	12739.225448947875	10384.009384279903	11620.879481124426	10718.995810643022	11047.27225381775	10407.881672722446	11532.520176407701	10669.153062162939	10440.32248923979	11042.679073542151	11394.858133782622	10859.211161522891	10563.808308840653	11509.600767083457	11240.210312007124
3000	3300	11781.422925748251	6729.420373673277	7639.292147249789	10072.324545779331	6964.550955378845	9168.220388246531	8925.255932863172	10377.160877176797	11079.515099629258	5960.814137658132	6320.053009499585	7576.463425996187	7742.217112689541	9067.587814304517	5086.455146960273	7647.608715469031	9478.120522990745	7425.495918047717	11628.708582384043	6758.423398834319	8372.617995042066	9932.68137271443	7294.214255945481	8525.85601611095	8296.524039185197	9791.101107657581	10556.083231000757	7969.13218456069	7905.176744636657	7905.520822596514	9566.599233716306	7162.551089487745	4504.255600325024	2877.0643037107907	2741.03078394012	6969.448310308076	10168.347802135035	7751.8534367790235	3030.7546682869256	11370.918235757996	10732.85768841733	11345.839746194768	11894.587343479223	8418.851549799043	11085.782686924877	11251.969623408839	11484.823123368047	11180.988799899767	11515.135762120162	10628.036384308869	11410.35293213342	10454.550602508878	10962.314507806339	10764.166537928428	9710.597254681772	10954.151767505427	9963.423954436426	10815.34672247997	12421.370195484416	9875.87992480761	10867.137020970395	10227.729008839251	11352.989462559643	9836.287414865938	11167.60166877589	10513.31189907324	10156.464038989423	10681.108875941278	10281.698205694987	9375.59959311251	10050.920693239977	10685.391392367028	10926.075719767226	11676.677734375	10209.804994892073	10816.873379928547	11343.427074874919	8196.11933620556	11341.691271006974	11434.101406802285	11551.511100893442	10208.256494120506	12126.272034173668	10583.303791864104	11397.269148876863	10518.190647840142	11027.363610904284	10024.680506089155	8274.25411462009	11201.728476456925	9800.200011720104	10500.800413682122	12670.593299105209	9654.260792590054	10426.43711655731	10231.276061347327	10347.484076560266	9665.716841429528	11027.246672209427	9903.692340732789	9908.701513701079	10451.835258688285	10757.868116966067	10190.466522387285	10005.79647270369	11210.139899835574	10578.312462547005
3300	3600	11251.242595535588	6400.048691575806	7436.904627619563	9243.461779963538	6453.019273924039	8126.185616301671	8528.99037108145	9435.964005944215	9634.937847952966	5044.680772000352	6055.43155837962	7201.367034820465	7314.980928906042	7903.664964228091	4535.506233780613	7975.597712455036	9249.53031429466	7068.140525961822	11048.541219061486	6523.143406460992	6517.369471623348	9434.057718023227	6653.617054132234	8002.886276805304	7734.639666511433	9164.843797780375	10107.13816737844	7192.001522304622	6748.330971092864	6291.258813952399	8809.237264689054	6446.036385118363	3595.3142369394086	2738.2344828112095	2700.1581163388682	6939.536756517958	9252.029777846106	7445.454411938561	3005.5231785171904	10826.080202600457	9928.021543606628	11146.605883287577	11172.463467791686	7083.477828079841	10841.862429616685	10650.438314557034	11320.243375463075	9715.613161683897	11047.601354379558	10002.504114429214	11152.936759985922	10043.346398905132	10459.385937881412	9915.787749495968	9210.219121251543	9979.25092434185	9346.005082144839	10928.176824396307	11260.695142451803	9490.080736526903	10743.928554344846	9806.126899687011	10237.241605367146	9435.542466952073	10510.82641087973	10073.082888331182	9753.85364047757	9990.958182929253	9807.828034870841	9521.500468562981	9621.193943452117	11529.828066044913	10429.513760366493	10922.456839516524	10013.851431215893	10129.80160733758	10935.81560744238	7820.477289148279	10720.919614329556	10935.485130339091	11296.895063429085	10291.884767234498	11666.052340977265	10064.688168380437	10962.708973956678	9713.206317595375	10647.157254985777	9133.663166270537	7894.443968886089	10239.458874155405	9687.334646425435	10369.536125539302	11447.419583280664	9251.68882085346	10019.760642127492	9354.092793733182	9733.887520175282	9034.49195608924	10384.766060121694	9496.391484264113	9657.087607727259	9929.295503386154	10419.152440976828	9341.91881130794	8759.066991567546	10422.503595631131	10461.935201931516
3600	3900	10646.643602384987	6060.28216278874	7308.292379843222	8606.91858913122	5987.586042066387	7630.087739774415	7942.071979666837	8741.844752074157	8781.569144181003	4978.942079296571	4982.198022704267	6656.302216011482	6841.080099640136	7715.567995923913	4745.412675960926	6378.358588568598	8186.447957667018	6834.9744826982605	10419.404290856684	6333.89878462006	6906.876710158128	8519.779622070982	6306.229669971622	7502.700311926558	7035.583728660216	8333.950784430404	8977.692260742188	6713.890866099647	6741.220855477608	5401.885016720155	7747.578272985421	6056.382695737092	4545.813252922233	2657.100343159382	2659.8438934228952	6337.6073931562705	8282.07414950796	7167.871217148115	2977.319228655221	10609.339901473459	9326.692975635044	10054.016176850893	11062.589355174427	7331.24965693303	10216.393978853426	10289.445983547848	10604.940135342658	9726.195795693331	10453.7923694252	9619.605328874119	10901.615117167801	9623.669104794182	10244.39961841154	9196.203600995465	8236.426587381597	9361.911084832505	8574.00857165933	9491.585226793708	10959.679612379809	9025.977625819336	10069.640587822094	9427.905994257368	10088.903230529448	9442.39548666205	9868.596282738543	9471.46322503059	9227.253540009146	9377.488784496147	9529.340384708641	9137.637524962922	9655.887384531272	10310.687054984177	9244.349154536008	10508.645518234935	8517.945750777744	9907.624311743142	10489.855050442913	6996.267530080435	10159.58164355174	10450.383692567595	10605.411811202055	8801.281091464514	11098.468442752086	9622.707796164712	10411.292440382356	9008.202541651315	10230.205516839676	7901.664848327637	7490.89407638596	9777.580292335304	9179.827938528388	9625.267645320664	10889.62151967346	8687.20957703284	9506.30059590006	9185.235372755322	9221.485019771118	9100.453601915298	10083.681574814118	8762.706640343551	9061.109755103424	9326.987788542405	10022.240437930543	9328.640455533672	9104.11073135178	10075.147837744315	9714.433330813263
3900	4200	10126.83956172632	5485.764568255927	6295.222130027977	7725.476961479116	5639.237570030617	7429.8576216105275	6705.095726801106	7886.874609538156	8438.96937574179	4565.215752875055	5248.930506466077	6103.705282270491	6060.565003575487	6467.45699165676	4603.775025688789	4947.206406847178	7216.358301807452	6592.412528230816	9949.931034469326	5842.38371277158	7174.167482816256	8185.258035398427	5702.811623408761	6636.233954309732	7186.091817343586	8354.32740955762	8005.793261536555	6434.34800687025	6002.14530286724	5546.674575920048	7095.585757683587	5426.290250542172	3023.835915135973	2745.092411990893	2665.308680625473	5635.589249266007	8245.65539064952	6894.389792041092	2950.126270924275	10323.089703585603	8877.616682512393	10142.099764943845	10205.489849548156	7177.672097266754	9713.546611840091	9765.673160337163	9956.354645388215	8685.788166708218	10058.408849488123	9350.092059142278	10099.134449378966	9426.425489730402	9419.143408613876	8523.041289482528	8176.524521668467	9301.849776578008	8395.404230861146	9608.621571173459	10358.63601688074	8752.420677499891	9126.247042557567	9074.140377696753	9848.097080494877	8365.691607389379	9590.424760985989	8967.452096442297	8898.41924390161	9441.436923267971	9228.738744059965	7913.599292459734	8459.055273659635	10060.546762795157	9550.225085153337	9946.19560472148	8456.826217694947	9407.220470731821	9997.68535335671	6697.628693039353	9727.144443804087	10159.440143906188	10251.821027191094	8326.957688427876	10683.104012385564	8974.027231427539	10132.574910257536	8486.974415014172	9945.844772018843	7388.480958826402	6875.999923247997	9464.39496579392	8681.638959288555	9356.27381516351	11015.14412409031	8475.166623372355	9630.782147788776	8828.907502602384	8657.896019943737	7711.302524559546	9494.209399794201	8419.621368193943	8707.05865555696	9296.96065460909	9446.644875254666	9243.981946891912	8311.390534365404	9801.814822964663	9288.175671153507
4200	4500	9632.746989542844	5244.986304120537	6140.427112476245	7544.632331728847	5039.966717541266	6474.7002318286995	6271.9494251011	7634.939743060532	7421.240242595867	4207.980164380433	4264.315689238995	5544.814837687724	6015.074782766255	5174.80909710428	3744.080617243588	5850.817219027513	6673.109255292338	5820.979018219076	9527.20388226131	5548.016682595895	5152.943092933068	7503.929499685463	5130.815691363013	5899.04839280151	6641.7060172852935	7362.264718436121	7110.036120969858	5635.397013505211	6106.954794899731	5468.562907389079	6454.179575142334	5283.636884504337	3474.5503227874524	2623.345550089591	2618.870136101895	4887.818238530103	7234.80947403201	6643.926707350592	2899.832262047727	9635.078676925063	8303.941580147988	9783.051609675747	10144.322963611126	6110.0169838613165	9004.694534862469	9649.736662104708	9708.939178001261	8760.634839638326	9745.076176133969	8918.221134457617	9314.760993222666	8766.687873531777	9278.670623178756	8379.836852528562	7443.99553183208	8886.250503062965	7927.58202829966	8863.320704498192	10261.250815483878	8153.399750336587	8921.267789542215	8243.44902380189	9227.891654838542	7935.307317229297	9078.372222068901	8689.151069167787	8504.379279132372	8757.193713178116	8921.150256512974	8863.330467001782	9177.888923373857	9431.343575036513	8723.359737675526	10198.518241621148	7843.513457915774	9033.016799565255	9747.75147073901	6775.694366042679	9122.014598383565	9735.950363746304	9213.757607564306	8740.10863905735	10608.137629936995	8705.144994120184	9393.410672232949	8351.779488357517	9505.014974260215	7665.978134043076	6828.14082429298	8962.407292652028	8465.674228336098	8521.773485589949	9855.787048286938	8131.531875813108	9304.35434303872	8407.36736100353	8753.318914304778	7064.686092667962	9045.299862296006	8010.028499201533	8480.96955211376	8938.114661677017	9135.502492796906	8920.784136383227	7941.913323204721	8472.137738276606	8501.57862292296
4500	4800	9133.865823138534	4998.731565668208	5887.678343901763	6771.617773828969	4806.191845292261	5870.553023827618	6449.097626485753	6955.918812006676	7647.443495497259	3759.4648384384714	4283.365305589441	4881.959882986319	5749.744797268667	5870.295935164741	3482.4644978132965	4152.494807181599	6146.74297901202	6792.009771876579	9031.138805531775	5828.719715625774	6112.768748943622	6927.494516710895	4961.35099535483	5613.8550709546025	6130.1256304780545	7384.026682069831	7610.4835573111	6263.588067183288	4840.835686771454	5345.126943242246	6353.3540694224685	5629.09724472199	3950.682458775644	2638.302647824603	2571.710710210175	5017.1733553656895	6259.502974184024	6463.486975162742	2856.4621607979243	9674.004438785902	8100.754869396789	9024.128772544494	9836.761244301913	7082.182823225253	8786.511246832511	9092.776314512561	9429.76486139512	9150.711017634729	9393.387641101177	9108.326682690511	9813.922405223042	8467.623456879577	8780.964158106159	7497.739160996303	7431.257942971321	8717.451463753296	7764.1986847384815	8486.646599180172	10176.590177492944	7787.565299447847	8601.531037726152	8089.925596631973	8577.49529007348	7898.57609000455	8878.94357051905	8194.967430387573	8181.82177734375	8770.483767926298	8344.617868326197	7748.486085000781	7825.91579494742	9681.760283383794	8724.128450804072	9291.327814490096	7525.32016746991	8619.393393720586	9301.339207062008	6524.367241008862	8767.577543262565	9293.257410829314	9579.372715358691	7867.130326229012	10069.011303348447	8659.169930720273	9510.615148958554	8377.763850363526	9356.415243842459	7098.009973750395	6409.740552376401	8756.517400971285	7908.713206237941	8765.718772253815	10302.54083870946	7850.310576726645	8774.778641633999	8014.70346259555	8293.753980346515	8213.57719276471	8604.34430892482	7840.6312671471915	8140.389556425855	8518.041364298519	8646.602336720542	7947.0440024264035	7731.684316333472	9540.31681150602	7749.498950724388
4800	5100	8864.633523787108	4773.722997027638	5715.088358698665	6344.014685779757	4633.577480215482	5984.568343182	5321.7419518458755	7249.643228041879	6468.411753583533	4188.867796333983	4428.102858959717	5136.797615753876	5355.727960854205	5647.567602910581	3998.197892123108	6396.339717727771	6372.20090658984	5879.114058749053	8748.923424490204	5597.676168487518	5167.548700185923	6114.607723209674	4927.839313432116	5031.633879263058	5903.143480111148	6955.217248559306	6742.704582920359	5567.6016728375835	4950.410817920919	5033.260613345671	5708.079815861459	4981.438995871656	3795.1103441078244	2627.075255845909	2552.854085989665	5094.696888228212	6097.081010735831	6484.49926031073	2874.7240138267007	8866.323024022431	8042.732915218782	9023.684036067727	9786.112779135587	6535.65327346008	8720.990136527362	8917.278588868903	9374.289619417526	9030.162709033983	9439.962684056409	8183.900708498195	9489.708915265433	7833.726777507436	8935.160841160356	7884.99033812164	7351.474152140957	8610.999942205917	7295.481531794338	8694.031187088682	9704.293608205966	8047.858500932714	8412.179031661184	8116.579132329306	8136.567660463701	7867.647237667186	8709.38016845796	8136.440609302401	8195.666141594462	8539.929940770586	8429.319567934364	7414.636144684117	7153.2429806620075	8732.183936545309	8203.403640229277	9376.56007983192	7790.281924748509	7909.6384575065285	8537.389969665046	5580.595091381589	9213.787286523646	9139.653405413315	9357.631174237888	7696.002516549656	10129.084348264725	8333.142682352023	9009.040426437812	7447.746169767344	8648.804627100535	7603.488489375395	6332.975950333016	8873.025779983109	8162.644888103484	8527.921543363891	9729.682274642895	7466.573155965948	8234.592427644016	7883.227607363646	8017.944799369309	7018.134508072553	8484.36379581723	7708.123584494368	8014.4903570711	8177.976801957393	8694.249217657774	8123.684574233753	7312.510724667058	8899.486685772146	8276.249051596862
5100	5400	8467.777624201231	5242.803883969667	5773.068683108768	5818.543425567968	4595.550430904632	5193.02239230846	5806.022687982131	6858.427712089381	6850.052548831949	3370.1893869205883	3846.1243325471087	4850.137749054291	5140.433685448545	5359.214603749151	3137.498423344457	5387.11622762337	6233.76557979938	5508.933655607732	8336.627722808802	4830.192220648925	4485.050324660081	5918.087942839695	4362.369765771804	4944.317922541828	5257.031235461032	5767.817694852531	6358.740466217497	5321.567195088829	5319.041236071252	3869.035195231974	5959.202519593057	4082.199489835911	2574.2414560099596	2579.409567250932	2508.3926663065663	4210.836078642817	5412.043356346512	6197.747749060312	2862.227731068749	8307.570481748138	7560.792259995464	8655.696549330043	9542.785741510557	5860.752542590543	8935.23276125559	8766.637580079634	9110.895896895183	8118.666879617287	8862.491434472995	8308.793723093158	8761.609999817787	7868.589362864675	8540.87043825241	6980.287691847278	7157.122360402991	8663.28327351989	8014.292206455933	7890.797675442743	9441.652870525677	7540.814239260527	7501.94502004523	7529.788495256343	7998.47285181541	7459.967106532996	8365.604408079493	7527.48421200634	7804.291121490406	8292.846420204423	8054.226179002061	8001.40365430338	7092.937645429232	8351.227005138602	8234.820917313258	8573.64467696744	6690.080434026449	7700.148189279155	8761.683247147208	5757.7511081180055	8113.850309559954	8651.382301043455	8995.136413309445	7465.484645093769	9410.7881760726	7726.943626107867	8761.062359456138	7733.092178043169	8197.149766323042	7109.6481857299805	5990.439108396555	8494.98534765625	8412.781060395124	8216.68619272411	9869.5382423963	7539.349455950043	7907.14850801986	7635.381294039427	7591.255211071564	6624.082511347765	8361.83635803969	7189.0509664292995	7520.149928501674	8141.919766913383	8368.37923081397	7825.164172295085	8282.238732536161	7860.043881446938	8547.111667951764
5400	5700	8106.750257419193	4248.700996675763	4284.480299666121	5198.239589124391	4159.819742521662	5119.479324127755	5494.088220922052	6625.419960364971	6366.031772789772	3819.175448236117	4538.808744938746	4319.057529151619	4523.461180474142	5396.688668796705	3005.770884464061	4387.103021415875	5486.169669679883	4746.610255485596	8095.595431908891	4655.334302483701	5736.44464639517	5336.645784806203	4315.388212599353	4286.584732648541	4994.174816404197	6413.923718854329	6223.073507280492	4784.940184775283	4885.2814879402285	3340.9514390753843	5017.606045626042	4995.465651292067	2871.8211008319417	2478.363897271157	2476.6876592502217	4327.247149147613	5020.205849220258	6031.959246169475	2841.4327455050784	8204.513513727527	7493.192063619832	8175.993954173286	8416.430089397556	5830.124617066135	8048.934544690294	8350.846631181945	8566.914293847598	8303.6752645877	8770.120557482072	8227.733551477828	7997.233578680503	7656.0255768183615	8239.988376933174	7002.721277931788	6544.519737257349	8338.903961863174	7551.315030561833	8376.244148209486	8007.851821122752	6936.762931114134	7704.432338353207	7329.356438145037	8079.433915990334	7732.957453768758	8147.043806504122	7300.943323371282	7367.304412634872	7738.798186230455	8140.700851218475	6983.872335187799	7072.045688623727	8546.14573792752	7557.435886547593	9154.63107972101	6968.360546695704	8052.145431185075	8531.380875042292	6322.313952317109	7970.767492722105	8528.566874478685	8459.948470149471	7277.3570643654075	9311.864826286854	7964.32995348581	8296.392581540278	7299.734755968518	8372.996079068123	7332.188741347369	5889.803912180379	7592.847314717061	7291.260651746228	8062.534930943701	8575.763533262943	6776.530525108002	8016.867624665211	6973.129111204218	7438.739675433714	6673.49971766978	8260.000238432538	7217.1188842265565	7373.196839620052	7654.467626162706	7939.211730904521	7925.745886264566	6276.308731622404	8978.835904406027	7861.207759355731
5700	6000	7855.146324097742	5110.806618335142	4611.21137010729	5326.048109552035	4056.780568408871	4400.716729010812	5671.269194711065	6045.802213499642	5279.625309238419	2601.9470357591085	3438.5771317694275	3861.1816244726783	4609.838782725472	4980.8135967752205	3180.780706814425	5150.451780470155	4809.630117395127	5355.049862267836	7685.037601731846	4010.359126020116	4775.859877953162	5110.0947126408655	4266.318559144739	4538.448215173693	4750.7149275343645	6003.280558967967	5381.186284944904	4565.46977729464	5278.342252687207	3482.542126519748	4719.134331271015	4276.276543148385	4589.594527149929	2436.4309488292433	2420.0222861245306	4111.823794536026	4467.046492942851	5910.736142060868	2798.349562068788	8305.677187852261	6325.68518287892	8005.05392430349	8445.043938028015	5333.426885316	8217.871004359364	8179.686466850545	8297.239688419919	6893.181191695626	8410.271386418726	7736.795908960299	7991.965223237033	6708.947664103947	7535.349901705617	7864.885871503277	6429.310195639774	7682.644845179707	7204.186945243905	7739.263646007909	8414.996400303919	7217.038584189	8125.022485351563	7116.105781583106	7772.337720900395	6155.019951527651	7767.773008962198	7099.874695666585	7357.438043158542	7724.018909271467	7809.544753464503	6714.294612277854	6966.828727576825	8481.634323699565	7097.685518197201	8097.796040615246	7083.242358328712	8081.104785066575	8003.933262590223	5612.997128976358	7954.744040374592	8238.642207294488	8329.574575675559	7323.434040284913	8760.558291250501	8046.975255871373	8264.979648979805	7513.624662996427	7973.475436593381	6371.372091125039	6056.2888286131465	7282.1683511402025	7012.128701910309	7615.277987862227	9002.045590316653	7024.326724130439	7384.624020613809	6896.2178284508145	7038.858620453223	7158.797572869385	7813.207295015171	6781.332457226402	7277.298061107497	7201.265786561615	7592.524295341215	6999.763693868115	7182.450614657548	7953.315693858687	7541.364018510134
6000	6300	7585.390915328951	4500.602779369079	5035.909456407701	4886.338972113691	3949.8519197534442	4866.824774567644	4312.364287207769	6213.754987250846	5358.623105090208	3082.4367729845026	3753.2749376670863	3588.8753359759294	4860.733553342156	4526.297345766814	2750.0778143004004	2849.6988494653497	4141.840770517836	5140.780904517984	7426.740584405004	5092.536656178379	4183.185060647817	4630.605119746005	4052.3654402802263	3954.300710229542	5382.154136076869	5712.98183537647	5625.026533212234	4171.496698620994	3723.48661464423	3339.8565986782	4456.119769772742	4169.158165769035	3914.813107556059	2539.7045580703993	2392.7233672626435	3717.2091549435177	4509.06387347831	5808.249042864477	2839.8799726368584	7367.8612610029795	6863.372094359529	7965.920718155144	8503.665829980999	5250.617742249594	7837.703348877312	7886.144149348107	7372.776810656331	6521.359555263389	8334.593786244339	7652.128662313701	7977.720392993768	6812.994891827645	7471.384290069722	6811.776343403478	6073.92901169362	7406.8602858929125	6954.480100234109	8479.81802877123	8645.598868076982	6509.422631433996	8394.698258292216	7077.700130255314	7554.379677488063	6249.044795567594	7256.18226110139	7211.637542179628	6840.61773322141	7638.796209465379	7739.769622236366	6429.688722634296	6844.80724257707	8456.680284657985	7545.301962138023	8330.647839094909	6194.932894995824	7667.117701518021	8181.006220844099	4859.966781358461	7305.776227288294	7916.551557803003	7473.2684478280435	8346.260246663513	8780.636412371216	7662.8074428370455	7954.977342701268	6724.70420101395	7595.28282175324	5400.996068926419	5384.715750233853	7110.9012795608105	7404.7912626448415	7635.607785263503	8908.375943408471	7028.795222266483	6771.12588671122	6669.742041672399	6748.856858579928	7519.2904838121585	7410.749235182335	6677.000920291334	6768.253107515493	7334.522760733493	7564.329341595607	6602.95854007998	6436.124058040374	7804.313590359319	7436.58654080302
6300	6600	7403.041763335564	3766.845254672583	4379.327273188411	4424.1120432049365	3639.5234336307317	5023.469572125307	4736.0062202665	5265.663000632897	4660.783242986645	3277.6450594625644	2244.5616761876104	3342.307267000964	3535.57405607959	3719.9323628035836	2695.8440345373397	2785.2482772936924	4421.550560186988	4863.861473720993	7237.159482514574	4984.0152075897	4028.6160093454214	4233.707556598506	3813.34626676951	3497.6776078647945	4715.27388110956	5448.156695460968	6127.783576259329	3541.1846704491895	3429.2522437132407	4481.731471117469	4564.520141331153	4482.748405941354	2527.7977145828363	2313.5568969384976	2407.2256056560814	3495.6027918124596	5126.561833897244	5702.595411856681	2798.6885578470005	7560.7929270115	6038.364331472347	7180.433581916377	7418.267445753395	4030.3838613168355	7488.636578988165	7625.978348892515	7874.929310663275	7659.977154368106	8002.246034641726	7037.755681611202	7762.118852285442	7138.6060435297895	7733.4676320673525	6886.183910817792	6154.673110733625	7084.546796184379	6706.485475107983	6901.1245773045985	7655.944829264136	6690.204434469671	6222.92269835355	7003.740771573754	7526.554927269681	6378.86241043975	7153.505293328262	6645.430253418808	6976.3467366689365	7156.432582289429	7615.051032687086	7098.348115055488	6491.955898498587	7256.20604351456	7117.6194193610645	6673.276494616517	5658.081943445039	7018.4518999700485	7575.934233577858	5088.047151668652	7215.887962413319	7821.218829155371	8039.540447381761	6590.023389768345	8326.835353084536	7622.839494479773	7582.90467272806	6615.544692541868	7725.158289056648	6183.553062943851	6007.880373615169	7557.858864864865	6940.560219533486	7618.478442078858	8223.82550110551	6334.47944586983	6432.613849680619	7091.978739571507	6607.908150455138	6016.393336688562	7048.023926135007	6063.326310911573	7208.502110395868	6932.415959505261	6923.80739202081	7197.6916384563765	5823.426385098783	7518.639812455875	6429.286010167862
6600	6900	7045.530848193016	4135.363310433997	6725.363051543364	3972.5810227279417	3538.345502482004	3756.802031115823	4218.662796981389	5179.249625779589	5570.75742736195	2445.546321818508	3171.8546533122017	3204.0845607475	4564.507957646159	5303.959299794073	2484.758806840393	4323.465263970465	3784.0854594688376	6292.736269393057	6983.4120890000295	3969.6285286063126	4784.791178776668	4015.811260940265	3777.972529475048	4541.000803097602	4204.286023912781	5004.96305897094	4372.116471566727	4150.348162255161	5013.648586890811	3811.6133973723586	3494.941090478604	4421.401060786933	1878.169927931924	2365.3062780658843	2374.3264944892817	3365.689910417358	4430.296904609486	5713.333129498698	2796.7299616081223	7217.508447458036	7980.707263936645	7304.015046343065	7601.252833517579	5699.6663895976335	7378.185884832133	7594.0370084518745	7582.323089281362	6660.212881283898	7857.975246823603	7274.054586562855	7170.6185595341985	6588.819619929774	7412.439476348983	7300.479732022849	6881.692270567715	6724.581238974294	8381.718352533899	7629.294204701934	7544.0151559659635	6594.556263713009	7724.9454569284535	6893.1942205104115	6986.369017661255	5480.621694611874	7077.713530593039	6485.870537562799	6821.179889168812	6306.657378884386	6968.83383958871	5929.4797948730875	6633.164533808722	8201.446125747398	7769.938235668991	8315.49976706841	6732.250351618281	6728.48950778201	7536.23465041113	5149.883610776953	7535.778999639669	8121.611645314255	7972.590004650906	6576.947328345099	8029.696391704586	7268.276630185079	7941.764859477527	6393.7050622027855	7180.7277221244285	4789.031577278586	5027.991023343905	7481.652396273226	7860.40326721636	6438.981953432211	8129.623800882264	6217.680165483474	7098.725314573602	6719.063937447119	6786.921003065285	6169.014052861674	7172.204966487535	6255.384824350904	6806.722416792352	7105.758732873599	7520.123675278639	5840.48703855376	5031.698578748458	7266.820481453441	6937.860742425933
6900	7200	6895.015792092681	3743.229043270711	5318.3663249660185	4262.953171122546	3865.0123360565453	4005.6140373426656	4590.165732880023	5950.128212540581	5566.482990596475	2926.998724521735	2156.9718861526035	2770.1745143027397	3887.7380590673424	3657.252500026537	2485.9741356013606	3414.6593399596727	4000.6502735425065	4625.160641240945	6823.472834435745	3373.6684996167305	3567.0664534935586	4466.483957352868	3769.9026004600228	3606.8315405556355	4029.5862016103247	5671.8165903493455	4478.473999433375	2777.350002852619	3782.684644814143	2755.8526668062455	2812.237612501148	2931.011978608709	1657.6368226495408	2321.0884453470185	2361.2274072446544	3979.52124783824	4120.911627785255	5571.826546584502	2783.8122565337503	7297.221678873451	6307.236011083908	6687.3373082339795	7709.435881446254	5937.444428336965	7050.721581397273	7395.848944589807	8023.578675436848	5865.7361100202115	8025.34517190921	6870.276689322356	7034.653491865509	6298.472674603721	7046.510293349429	5290.29711593792	5136.221539281072	7545.683888051528	7575.2540132920185	7173.578612882066	8013.250983476548	6881.861567450151	6568.365388440584	6434.774904389141	7042.242014009235	5968.165491293438	7002.824060581465	6086.368928079804	7048.951218565075	6797.9007426947965	6840.49203792764	6757.6779328790135	6175.99182200059	5924.135033062394	7685.716974328363	7253.22232538685	5822.613093089396	6442.530827383386	7546.788459325275	5076.439823163522	7110.653881762294	7147.951185888569	7491.405993079426	6984.8333292089965	8333.675952786505	6764.924781852256	7522.534579680366	7429.250518811306	6481.054127263621	4877.890228495879	4705.405421411193	7293.40552232897	6852.207331281299	6963.317395866262	7429.529002580089	6311.807365903909	6972.792862499595	6709.3205819806035	6471.451545219028	5862.461303256299	6697.1826116832735	6000.568885069182	6079.328119805962	6355.499914585362	7105.549046768671	7091.704820941946	5822.27538688506	7999.273566972912	6441.930066990043
