frame_start	frame_end	Left-Cerebral-White-Matter	Left-Lateral-Ventricle	Left-Inf-Lat-Vent	Left-Cerebellum-White-Matter	Left-Cerebellum-Cortex	Left-Thalamus	Left-Caudate	Left-Putamen	Left-Pallidum	3rd-Ventricle	4th-Ventricle	Brain-Stem	Left-Hippocampus	Left-Amygdala	CSF	Left-Accumbens-area	Left-VentralDC	Left-vessel	Left-choroid-plexus	Right-Cerebral-White-Matter	Right-Lateral-Ventricle	Right-Inf-Lat-Vent	Right-Cerebellum-White-Matter	Right-Cerebellum-Cortex	Right-Thalamus	Right-Caudate	Right-Putamen	Right-Pallidum	Right-Hippocampus	Right-Amygdala	Right-Accumbens-area	Right-VentralDC	Right-vessel	Right-choroid-plexus	Optic-Chiasm	AirCavity	Skull	Vermis	Pons	CSF-ExtraCerebral	Head-ExtraCerebral	ctx-lh-bankssts	ctx-lh-caudalanteriorcingulate	ctx-lh-caudalmiddlefrontal	ctx-lh-cuneus	ctx-lh-entorhinal	ctx-lh-fusiform	ctx-lh-inferiorparietal	ctx-lh-inferiortemporal	ctx-lh-isthmuscingulate	ctx-lh-lateraloccipital	ctx-lh-lateralorbitofrontal	ctx-lh-lingual	ctx-lh-medialorbitofrontal	ctx-lh-middletemporal	ctx-lh-parahippocampal	ctx-lh-paracentral	ctx-lh-parsopercularis	ctx-lh-parsorbitalis	ctx-lh-parstriangularis	ctx-lh-pericalcarine	ctx-lh-postcentral	ctx-lh-posteriorcingulate	ctx-lh-precentral	ctx-lh-precuneus	ctx-lh-rostralanteriorcingulate	ctx-lh-rostralmiddlefrontal	ctx-lh-superiorfrontal	ctx-lh-superiorparietal	ctx-lh-superiortemporal	ctx-lh-supramarginal	ctx-lh-frontalpole	ctx-lh-temporalpole	ctx-lh-transversetemporal	ctx-lh-insula	ctx-rh-bankssts	ctx-rh-caudalanteriorcingulate	ctx-rh-caudalmiddlefrontal	ctx-rh-cuneus	ctx-rh-entorhinal	ctx-rh-fusiform	ctx-rh-inferiorparietal	ctx-rh-inferiortemporal	ctx-rh-isthmuscingulate	ctx-rh-lateraloccipital	ctx-rh-lateralorbitofrontal	ctx-rh-lingual	ctx-rh-medialorbitofrontal	ctx-rh-middletemporal	ctx-rh-parahippocampal	ctx-rh-paracentral	ctx-rh-parsopercularis	ctx-rh-parsorbitalis	ctx-rh-parstriangularis	ctx-rh-pericalcarine	ctx-rh-postcentral	ctx-rh-posteriorcingulate	ctx-rh-precentral	ctx-rh-precuneus	ctx-rh-rostralanteriorcingulate	ctx-rh-rostralmiddlefrontal	ctx-rh-superiorfrontal	ctx-rh-superiorparietal	ctx-rh-superiortemporal	ctx-rh-supramarginal	ctx-rh-frontalpole	ctx-rh-temporalpole	ctx-rh-transversetemporal	ctx-rh-insula
0	30	184.1343088271242	170.5333087098314	78.13625341685928	119.99381770939085	130.87115869254802	153.91604605366834	182.11956799741802	245.23423990071566	187.5648936989738	103.73692878911407	107.61856589115841	145.13334588556356	121.91860659388351	115.7881391418499	294.9136662356081	180.201105860318	149.9481199287372	146.44453048706055	224.75541720773182	189.17181706140659	152.88470171196585	117.96398931776409	57.49591674581514	113.05754474023271	171.40039590511932	249.4764836355996	210.12326321843491	164.5288204063174	203.66516244862459	49.92435338568598	391.50238115781787	134.44615997173526	329.52145767211914	245.10012186871896	213.15927502416795	41.097986539522225	70.17338865606243	147.4499629712911	97.9205655967389	217.28577355775826	21.687613663789836	135.83704334764337	234.05922983663007	274.2214456444981	276.8736277392547	101.054754732402	188.46710889382564	222.79157795514774	107.78854173176369	155.69364245077614	147.41003725060241	191.38573398183726	160.12799743341182	281.03316247163946	122.95733170524454	236.89167646736163	276.0336036420145	180.3447058675501	135.87050661116407	196.28964560982382	223.40449722924183	222.78376370284835	209.0597704903846	226.75033523339582	319.0854504097232	231.73475790939148	236.0057934594946	265.67774101373277	233.455734851973	186.92691846139425	209.77298963501957	159.98998210453965	252.36810625848315	244.94461864990646	291.0386453731576	180.35795371629143	105.86929783884874	268.4527095257631	270.32780757973376	179.39105268364992	101.82157178837522	184.90409289493041	118.97992456115074	181.68558661168458	198.6209883224152	172.53317277849771	177.1434778528934	206.15689939836696	110.29508399522476	165.94112971987707	334.22260570121546	253.5114384716428	63.86778909510044	176.30340408555534	200.2178491736894	252.24690388170822	186.92836251201598	231.5335170050411	215.19101765623395	185.60277658881282	200.9641484325146	257.9349735791792	219.50992350206812	172.4751583946653	278.50749214052155	252.04586109864366	128.50092009502825	347.1279401547325	293.4367757975359
30	60	5517.83484139351	5915.142955669146	5701.867986107215	5071.549297401954	6292.481242605039	6916.430796139125	5964.523896546693	7746.950864516354	5422.585066621461	5695.253217155175	5015.826691791373	5545.031263361435	6538.26781800682	6181.021887656846	8032.757507593435	7732.174038406706	5513.593226425823	5915.55126953125	6980.121675588789	5457.119740411312	6298.448310864007	4848.987130463748	4755.528952167905	6769.30853763689	7020.623013077623	6496.260717053074	7808.921506895521	6385.072061521061	6006.319300646704	4454.310270502327	8028.067374615932	5939.17943957821	6545.618055555556	6623.970623356281	4005.7830278950355	1358.468413052128	2277.3320390523527	7106.165781021118	5375.231914938128	6808.9111765512625	733.1705301852447	5246.280070062893	5027.469943013343	6913.99929590475	9412.15621768727	4378.369297258336	6601.196044388182	6427.895211490501	5445.157399161216	7027.745280101754	5881.003042930356	6199.560576769407	7545.065801354188	7501.328589021938	5989.849200740159	5462.421782263394	7020.423071662624	6857.543381397708	4056.4504687101944	6004.9751793857295	8253.763974357684	6590.461913066968	6423.415107249448	6217.24718975305	8776.235160759956	7928.089671079456	6713.187871287726	7250.554422302745	6338.033469752773	6472.964054415632	7110.711454826419	6761.20870525419	6245.059027632456	6346.513702083626	7036.232639347469	6890.540448734625	4610.401507396046	7324.665131696472	8673.268065599554	5253.538421106202	6515.4140370988125	6575.5289254539075	6335.420929276817	6358.988116859371	6874.073519971096	6649.230705246002	7344.255687785046	6465.204789968495	5427.698136834219	5286.051024201146	7607.930236720061	7165.982260145162	4127.705318024291	5617.437634112612	7535.990153452438	6733.778046861355	6475.149103086808	6463.172620955997	8213.340587030038	6621.69934432427	6844.20509366818	7202.857208843498	6315.832430276414	6668.331721554777	6968.478606300997	5585.09085122641	5081.945697517943	6165.487300334912	7075.733112973462
60	90	14687.520159896178	16238.10546507818	15862.615823468357	15586.123429064306	17543.03772115381	17807.92925184827	17622.403859548023	21143.98020000254	15463.23939231936	16002.447425302218	15145.722815342577	14994.163028471146	15673.200307152421	14991.224152735864	21126.363555081323	21137.121711526765	13515.933413741666	17071.814208984375	19795.759794137775	14593.77261096634	15655.229080511057	13777.625360952961	14193.44752585626	18899.390216282914	18561.0908265632	18544.799369493918	20964.431754439473	15811.679636177007	16207.064978351302	12856.427563842317	18057.859456965678	14213.00448609676	13042.540907118055	19060.81295202274	10140.52041330645	3127.384064696611	5657.367172937292	20955.32838592529	14291.920086935917	17857.19672724628	1825.5027727177512	14550.291128813331	13113.489758038362	18704.44653644283	23405.907802944268	11938.627849878338	18046.616696210658	17006.93813839594	16126.409757554142	17256.495367143194	15073.377531806067	16047.483526258791	20066.295028084787	19453.6718103085	16386.162631879084	13851.257299488989	18937.302920191803	18238.435169819546	10491.676997441831	16785.377959783043	20617.57868677513	17731.571975219293	16281.536796655548	17164.666751958288	22323.831603653558	20715.44960685597	18044.851239002302	19042.721940347375	17408.028969208826	16782.82221478641	18505.110277589374	16663.546319530185	15267.47935655382	15290.02813960999	17981.20753942654	18525.663063931835	11036.97781694024	19822.849100593103	22868.0724624587	14317.35379019576	18094.11114220591	17813.684803309556	17147.516675284514	16423.867651523688	17752.776692667816	16775.010794684636	19647.560319651144	18344.869264592933	15338.674827410485	15243.325330467085	20061.12047260769	18874.16782432678	11442.810052331866	14771.056670998287	19116.45329976689	19033.33158894192	16902.652493668258	17446.507153284652	21967.040212283217	16640.13616266243	18079.645588874377	19505.041735686944	17604.039411662012	17370.072589312986	18427.75931010979	13481.74716506638	14422.944329045491	15496.67647608134	17416.202467082407
90	120	24464.741021568374	25885.36911944143	29766.517536046904	23568.76518402653	29595.35564208192	31075.986490103238	29057.368828300958	35186.388043210056	24703.3923394287	25048.30929185101	22693.194499156398	24222.719489793002	25987.064247591366	27118.72599294195	33569.15078321913	30330.125696186893	22656.426476275778	25134.83203125	33139.35701556798	24223.590391633013	25207.133815929446	24156.698051195068	22928.041771686203	31274.765906840646	31240.00870387857	29189.53207309373	34921.31834867018	27085.43041124924	25888.71725565535	22379.908937375643	30575.86061151079	22456.54544939861	24433.817057291668	28121.41437674041	11602.871286699848	4738.265440199077	8973.351099117304	32471.1904296875	24980.945277417366	29384.21771192311	2938.0648282170723	24570.755585400027	21868.470513097087	31941.98441221504	39222.88407242028	18680.17236768018	30182.4589108223	28326.873358613415	25222.132777715095	28388.5226082526	24724.27477376339	26293.83407849164	33253.01438264278	32753.321602810207	27418.56311358766	23018.573466860016	31805.026683389377	29717.85291300363	16993.733962437727	28358.076451292025	35188.67077279317	29636.48645548068	27001.233056405497	28076.939895076874	36316.13487807662	34355.1010639669	30489.019589827658	31760.49672250759	29369.059192455738	28073.860229962916	30528.26153394542	26709.469235620316	26657.756057012648	25491.584616009914	29897.580378882543	30182.273312801233	18237.05774052749	32938.44872246664	38062.88174213034	22615.746507180113	29569.76922756748	29922.827819998336	27800.977697946157	27948.252547826523	28789.732930970385	27745.131438924724	31897.30621774484	29336.36871229667	25950.134191046225	23295.512111278167	33262.80102548697	31635.119401041666	18549.68068510534	25331.33792357148	32674.698429553115	30279.431132610975	27222.68496747025	28672.93529667204	35761.15643596776	27928.00003106211	30775.22316392599	32208.33906815557	29264.304100839032	27900.004716092437	30213.81723570179	23729.256846912853	22888.79143965872	24193.727569134928	29347.993865678414
120	150	32023.893692711597	33127.72510888354	36335.82813902603	30928.139554264755	39521.380287941014	40036.00645472547	40020.37606600741	44910.05154417528	33766.35762171376	33058.05608370202	31148.973765771712	32860.09939518592	32152.190870751565	33967.727175488406	44163.02305105939	33770.15792274939	27380.896968622772	33746.31640625	40112.129562043796	31662.33302121384	32955.42112952725	28996.092505138608	30058.60432518922	41853.358046404195	41984.40009001005	38460.31813324347	47350.95590179033	34144.00352227798	34473.72398406621	25760.170435759013	38748.17266187051	28265.659343810497	32462.75173611111	39241.870078511754	14120.793858681956	6185.618906089639	11607.220284318835	46743.487490844724	33114.28400772508	38240.33947149899	3814.846130619924	31166.049764149226	28775.781744434535	42057.71509810815	50564.547698560345	24979.39662828286	40473.663724817416	37293.56308099288	33764.88253174969	36154.5050437884	32380.112158030883	33581.58172956398	43653.64032150486	41854.50542522585	35792.08234049676	32266.020367326408	41812.92886108519	37813.056711142155	21887.181495025194	36814.779018738634	45429.538340850515	38354.77150392363	35295.019287031	37362.313818868235	48341.61771586975	42491.98019927264	40099.964460870055	40795.9331447547	38577.948464541674	36375.35227976748	41129.98529594526	35641.76802538353	33071.364789496525	33914.19938791831	38425.62224894682	40015.56924302469	25010.35519957861	42498.893685007606	49476.63680402924	30061.75938227525	38782.38820302189	39364.8128483973	35751.31879852942	33740.428186661156	36613.82860679203	35661.93010250251	41089.437328410044	38666.164427673175	33736.33166258963	31123.62449714763	43734.18715026422	40484.45276252047	24349.738584732888	32321.52381313796	43943.24243753618	40081.156034758795	33853.163149924956	37798.654051732476	46776.88979825001	34989.030599968486	40341.07734376124	41784.56599468637	38521.891127513394	37190.13801619934	38930.83229161835	30793.340381908132	30552.814459900193	32599.657728297203	37669.006207604485
150	180	33697.836595715984	35378.62289265862	38127.53086428411	32502.419186501	41657.21328360997	41874.22922441387	42055.7132916608	46313.0659472248	36020.96261307116	33968.70533516638	31645.64949842283	33325.35060790874	34928.834958345185	38148.824928526046	45559.63823005277	34597.50679079228	27042.674170163882	33503.380859375	47271.012787979016	33396.89383626785	35086.294208880645	33378.83194712238	31869.921967901897	44121.09941124481	43381.424719212846	41182.58351269343	47328.24410144131	35821.191847247566	35776.363266361695	33991.047544329354	40604.52340939748	28963.64557812173	31119.429036458332	40340.47157816368	12408.738060735886	6111.741796536301	11798.453646824495	49113.673248291016	31845.705002783605	39721.44706349846	4014.387838253819	34019.209030834594	27457.826062563705	43121.81707595457	51968.230228475855	26793.324418587115	42258.10634187295	39440.14893657985	35453.21121954287	37478.7262678698	33526.623083175684	35036.17020340589	45651.75648258052	42393.82340009302	37851.97176704735	31879.85276426118	44429.15954746499	39287.08120706684	23196.76897627236	38331.13910043086	46892.04337951031	40197.63708170284	36241.334158055775	38429.4674162456	48950.51238708974	44519.96335049396	41833.81110665982	42757.987468169944	40285.35435085454	38412.32989311384	42197.45574802328	36378.20604936563	35464.02711472284	35218.62368619938	41553.05447542466	41655.61899196451	25408.55671898217	45187.949215853994	51930.92206676304	30841.671020857586	42134.20324691313	41356.016675977975	37085.59566429383	35454.7564952883	36687.96968480333	36671.60200046684	42478.96803097871	39787.14549541867	35235.07504364142	32979.49961312186	45418.03556687642	41455.569061021655	25496.64227347711	34656.59380396489	44141.83093806856	41952.52006865327	35961.48429794704	40021.1984816243	48786.755436173196	35121.28258642843	41924.698120032925	43990.47836391062	40455.49504620467	38459.97174193519	40754.076959398684	30708.801988660754	31668.136253597862	34525.00904705227	39799.052027059304
180	240	32588.053147200284	32430.9432311438	36281.494442184696	31522.10101266697	40648.88839131329	41700.74751803215	40020.42293074324	47274.304162932174	33989.742604257764	34492.697733946596	31283.589003814555	33354.58609284191	33912.11469295127	35466.674850599586	44113.455932232595	34705.60508857969	27087.911233649436	34079.3212890625	43374.82329208485	32473.80007726259	32472.00738602973	34306.31506248181	31728.31996102226	43167.5448256811	43674.127870087825	39757.601216099065	46733.68474785096	37432.756513267945	35114.95980047466	30317.04390325082	36685.089534622304	29359.493491490946	31244.098741319445	40243.63720703125	11377.429573305191	5902.644155545241	11350.909003214165	47031.670526123045	32423.34547710082	38282.198736142265	3939.4557322704654	32537.492663027635	29465.312105465855	42373.42595935054	49153.31510158901	26421.401763091217	40818.79713175521	38616.493475303614	34677.79190676489	36778.221029507324	32235.339950170273	34217.22413711815	44098.43517851892	41816.382251759416	37213.61161904866	30329.339642754916	42332.252076279845	39105.28446665006	23915.597802380547	37388.19788639649	45663.82	39058.89986064001	34982.481975446426	38111.94763800686	46955.58822228934	44063.28765887448	41217.42866616031	41822.96372874044	39035.79890665485	37099.79339914693	40927.67002981201	34370.36906301445	35008.94593176463	33665.33913192491	40030.870801246885	39939.02282085237	25707.6545515358	43911.206399006944	49113.373940232625	30400.21428411533	40559.21910926334	39865.89157616802	35809.691364114056	33958.6915872688	35378.358100120284	35914.82208572763	41060.734864765865	39420.91699135729	34970.44089311462	32151.886501967398	43560.945775923996	40763.98506271606	24725.645065985686	32558.838392084843	42375.9838271171	40631.33724721054	34304.48892916488	38659.52560954834	47169.20336445898	35725.094171232544	40507.40136346585	42236.38999153897	39702.716473271554	37514.66753042252	39816.1023295255	32293.462287468392	30853.730659156325	33509.033915366694	38406.11820070395
240	300	30249.836411480956	29552.048579994804	33552.00680262567	29699.174138245588	37822.25774580597	39659.090951048245	37612.30425567169	43959.05943968082	33568.34810802225	33086.01509144442	28077.962410137912	31821.601143056538	30730.862094709897	34087.183995790976	40884.58572335775	33368.7567955444	25909.5928932894	31759.01025390625	40782.278762260496	30135.242774021208	29132.849387467624	30937.95267935099	28947.71829588652	39842.94658096124	42231.7442013876	38715.22163145446	44623.05496218976	34454.393911572384	34157.59408967391	30752.15785565894	33969.29620053957	27300.34318916126	31976.469184027777	36185.85566212871	11047.561712449597	5633.631997853029	10458.278103083623	42116.723205566406	31525.48400634478	35171.92258472353	3820.029477921984	31658.67185313666	28383.184925031273	39367.042921400505	43284.75856370192	25097.436113708576	37972.23755300064	35473.75706569184	33223.54634360827	32871.82180115784	29439.408128967887	32870.36338409103	40598.52098075684	38906.00363291931	34582.9495674801	28726.78457588985	38949.722944254	35542.0164342789	22722.924717292233	35298.70728109539	41853.96550660438	36048.4689184802	32841.69861870485	35015.590163954344	43008.161236431064	41253.32902189093	38312.90148945022	38733.11243547346	35814.34471830986	34187.34137388823	37219.112957951904	33864.785015220536	33631.68721013145	31730.58670864384	38201.77949836774	38024.50627894967	25960.662457629085	40018.37931885413	44065.43655916258	30673.329781518623	37954.37333050064	36864.65093344545	33875.658863318364	29934.10925449469	32823.02871780074	34102.41384235923	37232.65258863293	36898.622065094045	33027.22250878585	30361.485441368186	39621.28881180785	37980.65060470115	24583.311886845153	30569.777338363132	39200.55062748098	37092.77421771438	32268.769483678174	35704.10868447107	42050.84112494363	34163.14752381934	37177.56969748584	39273.813411030445	36348.94843995504	35736.26702505428	36410.14421093999	30983.772726784933	30643.642047089936	30755.28403882192	36510.41362090267
300	360	27850.34105336381	26973.616884010076	32181.31255610413	26941.56951786212	34859.62330639554	38713.055947658504	35933.86434212533	42404.986869248576	32076.248740332587	30943.140750599763	25835.41649977993	29125.780989472325	29328.667787658207	32027.43162201199	39182.172768490076	31592.956344567367	24553.160855424496	33774.48486328125	35729.00982977874	27843.75357262098	25646.652961859818	28895.97709682407	27301.436429145055	36575.270509613685	40438.25594833842	35113.448614270965	41469.27532074069	32905.44923965937	30750.186150127047	29806.48440608907	34549.605403177455	25769.43200872652	29591.190755208332	32585.14053797958	8462.975133096019	5531.784374819341	9625.560181367591	37135.32289123535	27625.433648099326	31757.159999350704	3749.7429885147058	29422.03254904676	27225.899726070238	35670.91375398068	38314.0585332672	24179.08551206061	35434.63123994715	32113.453411375922	30607.605855907914	30132.242990902647	26571.261337629854	30157.984060352017	35868.25373058496	36071.519020150736	31915.101563563923	27654.06916019834	35476.07011921197	33197.65155159987	22811.87837391729	31287.776147845136	36554.556128382734	33106.479073412476	31359.827474794343	32550.486160731645	37938.008101273044	37070.854360377925	35097.13894232222	35336.38720299549	32761.354693001762	32221.37442121756	33972.997971033314	29842.24236489555	31911.766255115326	30547.08536847933	35118.41675429061	33556.92606047743	23904.222884066214	36020.75470326035	39237.2920039422	28234.355042028565	35057.08106631923	33345.40967755865	31408.601504984115	27616.17095895099	29111.57188167623	31324.815645178554	33465.130247402085	34159.20619345093	30275.52890634964	28187.423771327365	36095.14587778093	34512.090539995	23711.770410971752	27941.69530499686	34621.07914258911	33628.31312452137	30243.23583699614	32534.282876675854	37767.02201381761	31745.37938051542	33579.58539965753	35368.478399909065	32698.787767671107	31784.564459764755	32944.93968730123	28833.27602573208	29625.238991477272	28349.76057599777	34012.72857750834
360	480	24699.544797210576	21778.904893545507	28154.680483477336	24726.869952311394	31089.92995681557	35128.01624958165	30052.083793754693	36513.40331441593	30290.229761628223	28497.06103466943	22956.02071779636	27008.634353613583	27715.385240389172	29644.362370453462	32394.417084490193	27600.654045012165	23081.395770679985	27343.0830078125	31551.652390083258	24577.59431419985	20949.5916897473	25769.505709309517	23950.94045306196	32129.285682819776	37194.81758516067	31118.38595140615	36385.74492106709	31318.8126805809	28142.170635410785	27427.96373734492	32445.79396638939	24026.36216744143	28281.080078125	27692.05311871519	10291.02410298009	5217.13831757281	8579.34797123046	32734.04034729004	25306.61327348581	27095.833278814825	3667.3510625720724	26578.988640173156	25879.859000735498	30676.42171035668	31674.083595793712	22814.32684805341	30479.267257617652	27416.569833312304	27714.808368237358	26140.507400460774	23008.879662100633	27402.37860734154	31063.484127987926	31282.94493855157	27664.397184554116	24520.40286465349	30324.040286095216	28755.538586898492	20597.073300745866	27242.61524834585	31739.74490818299	28038.33583917765	27351.678817842094	28460.20226183055	32044.385420460352	31285.347544944136	30072.048648036744	30470.269574799717	27852.660377150878	28272.718735604845	28851.960198501514	25619.06709454473	28596.317255704365	28133.925440716393	32049.959854264875	31048.225780076365	24535.751950222882	29781.316981335112	32662.63184953608	27570.17446540898	30432.08999081282	28041.755239138878	28122.187214136527	25229.08885988415	25077.289043911278	27570.488346061782	29433.176456983118	29825.206276353194	27225.249411139786	24562.28564185492	30909.63628365171	29542.11458987218	22509.14954687267	24597.775432758015	29868.258564546806	28406.560112823896	27412.56395730596	28555.50871590692	32007.951509787505	28402.100454112926	28199.246021297084	30487.376103394236	28000.960690572247	28065.743457871595	28071.85519450914	24524.8424305187	26636.534202582985	27334.70449883509	30100.315065172927
480	600	21302.06816669787	17941.669391226613	24849.74030801167	22031.92058728367	26203.180208221318	30829.53499252862	25793.36222660649	31601.208431231495	26944.369020209335	26787.832246424787	20161.18134811473	24642.5485810806	23632.07422726761	28136.813269337676	27124.527209603417	26063.477527182178	21823.800902600047	24595.23095703125	26132.36956475251	21254.80745263699	17561.312811180458	22268.94497598952	21212.811081044358	27195.309486174043	32744.88812675601	26012.57341350876	30513.869871380557	27228.324217799574	24461.76218993727	24697.475735896536	28533.71645496103	21829.80489147852	25784.439887152777	23082.31734655399	8879.018625567036	4861.2704337704645	7469.93979959214	27246.486054992674	22915.44953161808	22186.376799850776	3555.488203738305	23437.803632593866	22450.88846049157	25565.825707185428	25625.55199173457	20505.06252136623	25417.60191240902	22657.36742236946	23823.014636614433	21442.35563286419	19409.347182433463	23040.76657763273	25706.059870969973	25975.30541379257	23317.153881649752	21591.70609467605	24846.129803762033	23748.796529977575	17971.6012774039	22634.128769568506	25313.578694426546	23035.706770239634	23055.383046373394	24012.710754498963	26283.258346900006	26760.9852478723	25037.595658767597	25398.0047991332	22922.152509425658	23626.78374200188	23491.36946978526	21476.159871973632	26251.9051734561	24109.599262250424	27302.917663971068	24982.143227536617	21702.44467911288	23988.536459984563	26457.28038798826	25353.313832630058	25898.52995296756	23230.94106422811	24145.464546955332	21150.430769961105	21107.659930866408	23316.977542026947	23769.83218955658	24647.851335497253	23413.99871943108	22163.71319780803	24913.01076068592	24440.274632687408	18972.051246959345	20771.702463761758	23947.412452124856	23246.472462910777	23867.716431040953	23708.95900563563	25960.44203562942	23991.705290256497	23217.55772873887	25201.160252152837	23147.596232620177	23635.75521262151	22964.86117811556	20191.838845236794	23853.024972899224	23514.059809309158	26096.832334966908
600	900	17993.333971241034	14447.680199718683	20453.020227291854	19434.553098814664	21341.709707717855	26168.83372464665	20633.151523349523	25126.988428437428	23987.758405184195	21514.113611314493	16105.726242022447	21436.503742014003	19769.218228203805	22373.216130529305	20866.169042538004	20727.55802111846	19051.908803767405	22026.21875	21577.769089302008	17969.22095508155	14015.102231537987	18682.50248176477	18811.64536498328	21684.653907409178	27500.497798736837	20998.20673778013	24650.30885329143	24003.88526649939	20164.787747642134	21044.49481544066	22254.46441050285	19706.147672784933	22760.876953125	18808.02924611309	8479.336413967994	4469.821912406464	6536.561952006456	21762.427549743654	19953.218926850983	17065.362520454553	3535.655035336968	19229.695928772882	19862.90505988232	19999.9570079906	19422.15107858235	17589.0656628308	19947.34283340527	17803.911737960134	19234.179602875734	17450.87214987742	15472.499000323594	18476.92510487791	19601.440381041797	20293.21104722067	18821.464198658417	17618.741034146013	19398.077095897857	19125.468048610124	14656.184629932348	17896.23160632656	19685.3270767558	17844.125415227307	19654.531953501202	19027.998077710618	20075.798161016795	20861.604919836343	19665.450250899183	19808.522769798477	17668.312054045975	19094.71112026381	18362.37385211589	16273.020678555717	21275.76630704365	20332.690768024113	22581.96870745794	20335.139414688438	18735.34433550218	18594.71510461885	20159.151753709877	20043.333801094646	20641.179498562946	17862.198389116547	19601.143743886158	17779.032460269766	16625.608069581667	18308.568927473018	18680.419772944922	19859.500178732047	18618.801011026157	18413.142719375664	19207.203536589877	18964.795280232214	15733.300985853386	16247.492336697049	18915.470475055823	17747.771022054247	19385.8114688304	18654.832562561947	20052.79747916345	19782.71329443246	17721.416647211066	19335.87215182061	17915.26509120553	18471.664917731377	17835.233831228714	15690.213417563882	19615.97821097488	19564.878643511955	21051.859236305325
900	1200	15851.19392111046	11815.245000819097	16582.38387146544	17474.52530656328	17811.01973360423	22029.03218593385	16333.23179649376	20469.17921509413	20470.40591437336	17359.98049941971	14115.166157753814	18512.854108360993	16137.651515690179	17883.261917288753	16109.138828481904	16575.2280071472	17249.210339047197	19156.90234375	16642.55062799384	15847.53736820372	10910.787096366637	15615.555602672075	17452.110234955057	17455.375020080523	22447.743453920437	16594.432471861972	19952.374277323554	20697.774168377433	16925.16010083242	18191.6136671202	18247.369852555457	17791.49228274448	19313.237413194445	15581.359075262995	7983.815213111139	4233.584558356401	5951.007957302983	17537.14196166992	17385.525408741443	13345.113019440432	3641.80244142888	16324.849727801422	16530.27345849356	15806.269416531319	15695.701787612017	14917.24371581403	16191.907754628191	14201.81957933217	15954.59417677089	14642.380616249704	12705.120366162042	15568.150625791961	15425.31870057056	16437.683120154812	15535.809201899834	14187.409885274952	15429.81708661425	15356.40571856314	12855.47229499264	14007.393318230843	16035.203790270618	13887.670302892213	16222.529146706962	15341.879021086093	16094.655750082895	16655.82735406044	15656.576160750667	15597.493125825393	14061.217130561969	15747.776820968968	14447.851007060384	12938.636735159089	18069.08843781002	17504.569632531286	18575.102509642868	16179.598941869835	16511.930616177564	14412.206088067738	16216.827364631888	16942.522164331123	16597.008978628295	14191.954378196277	16382.970021895439	15235.579662616436	13798.364405736847	15321.122756318418	14923.069417747465	16483.46557563817	15406.49847980184	15193.842492423017	15325.223130657434	15197.193598895788	13916.586658490298	13702.600795544444	15619.990816016012	13905.733249776922	17006.03614688304	14938.601901583257	15911.812543108179	16082.647173802367	13978.793430558339	15206.98114020939	14064.730198250252	14876.906544327825	14398.064068266409	13606.210186298076	16919.651976020483	16085.739727892018	17401.42224765712
1200	1500	14903.210392497582	10467.568960917728	14807.305806076078	16602.239057806124	16056.313164057154	18830.70315356073	14154.783011771537	17803.53655328321	19410.071690021043	14838.00210160534	12272.837042895393	16777.175650559733	14202.847115566932	15468.098703541931	13860.687645222904	15034.092393267183	16166.071625915483	16831.347412109375	14303.934523979242	14841.621826567643	10052.079153510931	13655.934803368742	16787.080718638226	15307.845104864551	19414.525992000268	14354.047506414368	17351.0333911663	19053.38239383744	14652.77192606137	15936.40687452452	16054.873070293765	16761.76943508578	16662.742730034723	14199.888595732133	7475.194497385332	4188.907025409782	5776.8730943147475	16039.152851867675	16494.66327917955	11611.668520033552	3752.600754975908	14699.152310499505	14327.659412788407	13756.626190216697	14010.824200660394	13485.842583655083	14306.03888531368	12438.121633644276	14207.528071229757	13319.644044445593	11456.536665154632	13983.231388336859	13630.313242995559	14740.254356298938	13726.296978555109	13158.781110040072	13726.124955654615	13635.061358823321	11808.825657587466	12696.838884185368	14569.030433714563	12161.275328702915	14633.101029858046	13632.804384232457	14271.868723263013	14423.229356863003	13878.202091031744	13798.83353693016	12343.543242306878	13997.282479662135	12742.866864678203	11419.459959828779	16269.56111343626	16210.862113549283	16182.82639834268	14216.62276618052	14716.191977241595	12502.409799965491	14319.39107940004	14885.960945194976	14939.23278359043	12394.058422819418	14387.419491363848	13852.316551534539	12259.06167805678	14244.935883035361	13383.001524150113	14581.643658819377	13593.239618280417	13595.660195800187	13458.001767851747	13552.607241345979	12770.60552408757	12332.956082872372	14381.598410073551	12151.776900182382	14924.792382142474	13176.074822979792	13957.634283091507	14215.93417483878	12152.25012343258	13192.080960749694	12247.731508734505	12984.07208406924	12596.453692685835	11595.372710053618	15179.784661193557	14498.63800078505	15247.322343522008
1500	1800	14094.993063031045	9633.019776343886	13416.257481134986	15851.735372153562	14356.579857650922	16888.088893066473	13112.712065275726	15886.362776186208	17603.711553669516	12974.851297182671	10604.197152380428	15525.725573469535	13251.947916666666	14059.120685504686	11785.273040290742	12267.26923424194	15135.771272675058	15098.61865234375	12939.525296176436	14007.96652654463	9290.916644277544	11770.001454043582	15592.629684957283	13860.6290271433	16971.62020048168	13008.6266541741	15394.697338538974	16925.968258629866	13255.89195322977	14166.774871711874	15302.72138461106	15308.060871952994	15114.399631076389	13500.356152827197	7997.920744865171	4092.6755036306704	5672.674894326387	13950.427641296386	15502.997210499254	10402.779866419121	3855.0582366478775	13728.8351595295	13508.035500110036	12011.537060613331	12883.984111941238	12878.384625487653	12988.11543310314	11272.329219743187	13009.571512066066	12274.21863111413	10655.921123223934	12932.65593499592	12202.800014809915	13273.656302068768	12388.090953952968	11838.547273833175	12817.743985175144	12102.525270501139	11209.344238988904	11455.701716388927	13711.635704735825	10912.390068407161	13430.186634104133	12310.905365336755	13081.922567078582	12929.809252212057	12315.171955004244	12023.514359196697	11106.96447539156	12583.289052599534	11319.666332987661	10311.989661387375	14622.709209914434	14267.722320110377	14428.465746657592	12684.725057312531	13430.619646318954	11193.513129103178	12699.359660339716	14227.927565085512	13170.059423061059	11243.456229261174	13304.181945554512	12846.874315832416	11385.324950199427	13093.011961509923	12233.527056516543	12977.526172681488	12171.213338165404	12184.654421770325	12279.457244945306	12248.519869706377	11867.141975673603	11223.454075205316	12805.804955142088	11007.503548960796	13553.179817484992	11956.859461197246	12774.62875648384	12794.52224804839	10939.369859368035	11588.303910417262	10939.359502926249	11609.643069518634	11607.200251760152	10817.055280412946	13585.369722824462	13011.278399450466	13923.584747874253
1800	2100	13367.085457812	9068.702348269162	12173.137341155185	14539.39721908477	13119.803477498852	15346.025912093017	11957.439761050113	14394.364682138657	16171.303227993823	12211.103390025237	9769.11718016432	14362.79672968932	11870.772697208595	11948.272282252621	11057.159920878132	11196.480316681873	14328.292776295506	14604.73193359375	12142.188262716698	13304.23661702606	8780.224172702094	11462.501770090585	14741.213254286598	12426.922299579985	14870.385415406836	11796.580657391307	13947.499814584411	16188.137628307482	11888.22746792949	13553.337758039268	13458.04397107314	14645.33708523686	13780.822482638889	12021.80723647316	7199.547808247228	4059.0399842029424	5582.419548639296	12996.151681518555	14281.526079624926	9402.790016274299	3911.7158275779407	12595.47508672458	12690.370710798508	10759.224368432542	11924.414011269133	11748.319252357827	11850.835140258596	10225.542595860983	12224.984218372878	11355.449750967333	9809.687617884621	12186.641972331488	11187.45487779929	12571.925490805796	11390.502355346753	10724.078888991784	11516.378919625919	11101.552493237472	10467.709279466711	10222.42152386594	12169.759455943944	9832.311736662334	12214.894834721108	11126.8951034178	11902.623718697001	11838.946738972518	10990.867821202166	10718.26574700761	9923.675979923246	11575.392284451676	10373.407914413643	9916.827387921492	13348.991246589781	12902.32708252777	12999.13377657503	12397.97505266689	11693.810911090732	10339.69708233853	11990.89418575385	12673.909376259178	12321.32131314333	10321.341741358054	12283.146256218071	11592.772361298912	10498.226624287869	12252.006957987509	11404.244312918192	11963.883389139164	11355.945169408851	11217.574040922846	11154.386757384724	11013.815755137259	11091.071004802136	10523.032153454984	11846.035630801873	9876.263636712873	12451.24006954867	10823.679935359536	11586.090913064616	12024.279032468241	9977.27327489875	10340.506730093231	9867.555031814187	10720.25372469424	10610.857066547253	10093.902616670439	12116.115271288128	11172.133170203606	12433.97854928085
2100	2400	12537.743527834564	8420.593133416938	11864.181142700852	13877.40780606437	11771.305422184469	13427.275934217527	10824.223326353698	13134.984778461376	14201.307518549136	10653.72206865731	9215.680813526995	12939.258657113254	10794.909864984773	11496.077291757663	9571.584294512051	10261.978996778056	12906.491643556761	12829.877685546875	11088.802390439667	12438.795248664323	8007.704980094653	10945.367359165817	14081.558822991889	11157.078103617632	13472.911080771808	11037.790791216074	12511.008538307104	14310.12201281174	10797.688894813577	11560.354778846999	11289.944961218525	13569.318918272062	11027.012478298611	10906.58698899675	7814.630536479334	3857.1878059223964	5372.308376006695	11861.704936981201	13204.346360493044	8556.438694719453	3918.8398169550956	11633.971596789004	10633.437931815813	10096.302725735795	10514.36799379927	10369.938595333615	10756.34047729298	9371.490576235814	10926.596283405675	10380.377051704278	8943.00544202825	11132.978053837423	10095.860856869745	11169.768373114359	10360.276192526915	10269.22214850064	10400.785542946578	10202.478234779863	9325.890364229506	9424.847331427709	11561.020123429445	9033.222470049332	10979.572647001656	10218.810883940203	10865.156414091038	10829.691412986935	10036.353606876013	9847.831309533147	9106.845342603972	10498.020034230101	9483.194743522461	8626.426508571752	11851.912017919147	12023.526141995922	11848.610386061782	10982.88783932735	11203.745525660523	9117.523018532282	10671.161604844598	11112.198516408489	11090.738003660286	9382.264511567133	11244.48653244938	10817.2075390938	9455.907406110116	11031.00680016107	10173.082687683154	11064.413605707376	10092.200254873846	10501.951098424654	9853.725212982346	9860.083422034206	10412.738858216988	9504.419302769775	10977.898695127718	9011.292352013275	11275.13415573408	10012.776139773488	10483.345811544388	10561.370261891485	8994.585916616596	9312.906429184126	9049.833897944356	9661.55750161429	9555.741662855178	9028.264567707683	10930.880404268839	10539.563252602056	11620.16843640347
2400	2700	11815.39670472129	8097.210139091309	10705.215936027267	12759.052797919461	11181.736955064149	12161.648537529607	9695.097589166315	11638.45222826797	13392.889286336494	9476.22715009269	8681.395207508069	12068.13090295196	9913.83580529188	10248.99030324313	8592.500719961012	9462.029724566606	11658.505486912172	12365.694580078125	10269.417129405223	11785.678978716684	8075.676349026804	9824.243559121252	12809.35179677435	10361.442960029419	12039.47009746146	10001.343520579849	11420.300882844816	12990.523351011254	10098.375077474326	9805.545493365227	11118.443148606115	12130.573682539929	12467.445095486111	11020.805948087485	6713.151205739668	3692.3021660778877	5144.635168866231	11014.598600006104	12522.554053136962	7900.248236687478	3869.718095054015	10776.654394576799	10880.34595504772	9307.285517269107	9568.75004391217	9148.098590394246	9989.063449974848	8662.256364209361	10027.299645095107	9690.485947468691	8249.387501511294	9923.826082992999	9413.378151295705	10048.073719120428	9584.287513606385	9241.580310163827	9427.554775106237	9258.257549172926	8472.698521445454	8397.064588001926	10337.783997462951	8301.545675782263	10627.646936446628	9406.80646939618	10135.515763441197	10244.850948853198	9219.913240208907	9134.712837202494	8561.065966264865	9736.501128197548	8713.90800958214	7748.368942385473	11239.933611188617	11405.60394293975	10887.86108250281	10679.447371741206	10119.488484760981	8603.181384481208	9831.384549200127	10347.657273431903	9950.944628679903	8743.325125638397	10405.476975089077	9705.912878313635	8963.908750557288	9999.35503699632	9333.521762231958	10321.36088538662	9385.581082475413	9798.828086341922	9044.256706159513	9362.346018695414	9221.87825006291	9187.241740774602	10421.15376595192	8484.392896211055	10659.236117904427	9195.3623890168	9695.40118852032	9350.521471495587	8391.211489428588	8647.487202465169	8521.835717761578	9104.97148111737	8847.511835527537	8498.767081795158	9643.120205265026	9426.30824554295	10795.800998384519
2700	3000	11255.148620358314	7693.521025291769	9651.840163718862	11842.749509504658	10379.496111612085	11011.93769342186	8946.427130805121	10852.948573982887	11780.02787622636	8388.881179703078	7646.1270943368545	11398.555925361807	9348.730830192928	9096.817997662207	7983.1728964831445	9538.59621873099	10831.26940459881	11174.27587890625	9753.686865590784	11048.12239901775	7363.642119091312	9548.759255174986	11879.687408422435	9443.388354608105	10861.899400398184	9478.351049319224	10294.843272726539	11564.173928394921	9276.583829977766	9463.547112282742	9138.006912048486	11394.343746116641	11000.818684895834	10020.846037911897	6697.793646043347	3592.532088015078	5012.1584966252885	9687.405239105225	12025.02209774597	7273.724010185622	3865.5295538898154	9974.075899949714	9252.10032713758	8413.131613644096	9450.641979510967	8347.48127940999	9196.91211141274	7962.739094838953	9641.131038203635	9152.02188081507	7761.815883760911	9539.759383069175	8954.169469334829	9896.261215539942	8932.086840119897	8734.227348590719	9115.986669512162	8474.820091216276	7841.300993192369	7886.000037895934	9956.987343951354	7739.084742463498	9237.484263863113	8621.922346838119	9332.832809302263	9377.665872391928	8396.949432316202	8308.025673572754	7804.460730885535	9092.614562479592	8079.987117593015	6954.40457627299	10812.865673053075	11107.900106114665	9868.474694247467	9623.515688816427	9762.521653060572	8045.9709775212295	9215.534968981407	9143.302523112912	9607.152777330672	7920.058942897345	9515.114137887116	9086.569993500018	8326.340281052519	9725.84455811684	8567.031916122205	9219.298383014597	8588.23893271605	9135.121326293201	8427.258746381247	8789.274230406205	8538.22133936144	8261.83822028218	9306.533806006166	7962.9861704552195	9453.73462106695	8445.151301894275	8764.797829336294	8738.686225316986	7789.851965955584	7971.378500005907	7688.100030972711	8333.021430349192	8105.449034732207	8075.791351958588	9052.660654577228	9036.255867288797	9543.619249327969
3000	3300	10586.21872381377	7532.399691284798	9561.080958258528	11529.282455942506	9279.490137551233	10073.822278028136	8689.202164750199	10195.426099664712	11386.146399400825	8234.408547307297	6899.761368242004	10024.507687800044	9138.942491874941	9617.204934184403	7889.083117037354	8433.942359051855	10016.656571064801	12463.882080078125	8865.277856979927	10430.977770259457	6860.004381437864	8420.587836055733	11319.247936525027	8778.824842931443	9802.8040617034	8363.15802961133	9302.255440170145	11128.367841155337	8924.307584378088	8570.700959737827	8280.04791830598	10436.454111066509	8692.737413194445	9454.04768114751	6355.083854429184	3498.20600500554	4911.727352524219	9389.531268310548	11277.29698341109	6714.000013907803	3841.3087544337423	9798.095617265844	8172.839381891679	7991.190732807317	8288.587563493133	8466.038412086751	8492.625234534138	7451.494191829526	8988.15778372927	8365.624802841447	7198.575541095042	8622.361810851125	8091.66578577405	9039.318555270087	8199.285794869389	8176.236981622104	8484.454296055574	7990.410703703375	7086.127357283883	7466.758141746393	9126.923948332796	7031.786498245113	8957.041189149028	7986.964705369468	8495.111381632947	8232.897149573992	7817.266961931414	7581.7582957764525	7187.031106123771	8498.438347249055	7536.468870027717	6908.0633204544165	10132.36491544209	9386.00175264957	9388.72903872301	9331.477527326146	9247.354303187105	7307.683342502737	8361.98586951862	8886.924969779728	9074.966206234507	7303.224127777214	9148.503985119847	8393.701908991887	7559.479066816174	8906.985402567261	8201.830488385955	8522.214883659313	8072.945693033891	8338.494909920733	7800.9685785042175	8249.904052236854	8084.4451458319745	7841.037872627084	8740.015078409278	7398.16378846282	8773.009922076008	7777.244167947965	8151.840097647906	8007.015904180203	7232.382653817021	7199.794856203416	7161.827003395612	7864.00056894388	7627.0964985684395	7638.416733169174	8128.3234938042015	7919.55684954923	8966.544438343568
3300	3600	10034.999409285045	6470.958821720501	7919.320038115743	10275.736046935222	8548.77060606829	8722.622240671233	7653.0297111075915	9228.99274359179	9633.17565314823	7544.250498991308	6690.216488776408	9286.762805859082	7578.710118328119	7868.107664464541	6741.561598818033	7788.43075435295	9957.672619810413	10956.221923828125	8198.512725607323	9840.964995865252	6694.522447461516	8680.898544364814	10479.334091513469	7979.5761374563435	9092.052491324614	8030.5883251921805	8207.691650239141	9231.237344367777	7770.262273615057	7981.937455652358	7941.7280472497005	9692.008076466193	7505.788899739583	8726.441460637763	5307.486083984375	3399.1094797883784	4946.303485534309	8925.6994972229	9826.274793213754	6251.364267689308	3833.0986464069397	8874.124715321099	7951.734577696442	7044.3892732135455	7831.0945006495685	8228.061081030808	8260.972890298961	6778.717943248974	8490.415341520116	7833.919760899102	6919.969812832188	8493.397298521311	7591.903503274396	8096.184430005981	7571.972549769105	7752.305340470939	7695.553790891747	7267.48832518419	7322.789501245471	6766.336046065157	8500.790648155606	6557.953868354625	8085.619859174358	7462.0582560202365	8279.66963276222	7209.499147631411	7138.2149694934415	6965.345890086671	6542.42821421546	7863.255089659347	6909.9936309102295	5820.832355218622	8692.864105515253	8237.920897339005	8926.239110608509	8586.516154847506	7717.22640723672	6510.29331129755	7745.772953655575	7414.365548469958	8258.766977267445	6653.517379335492	8536.08025076798	7232.530780237964	7117.839619899883	8752.21973679594	7910.443884966907	8227.747995164866	7366.329869549583	7734.250899543716	7323.217301101504	7499.081589664643	7943.202567037099	7170.693634490125	8257.291740697621	6690.90894228191	8243.983488053442	7247.426334722588	7917.345270953912	7652.420540086792	6424.418669095415	6596.810459067743	6304.903757180118	6921.578446768681	7258.113327163863	6825.7981028980785	8133.049932248056	7725.229208082203	8252.844755468534
3600	3900	9533.662945950455	6628.7162857861085	8560.924724037814	9717.297533028359	7995.041751292791	9061.291776842261	7112.746987557626	8790.057513884152	9700.742265855582	6645.845453385936	5834.699784972858	8767.152535013458	7786.97306139197	6626.325137612174	6208.161855234916	8008.168663748859	9079.651910669769	10021.39111328125	7234.15824143904	9307.975249283387	6358.627056129133	8020.464165613177	9498.907760003474	7476.067369664752	8461.97510023648	7771.204524462922	8279.495283011247	9740.264326955976	7334.938566995165	7538.289226174801	7162.978567146283	9300.155606690985	8076.760687934027	7952.4222520884905	5143.174034856981	3325.9342444575423	5001.531928366713	8536.852801895142	8887.471536984573	5908.710617441544	3805.88190953651	8041.259545625146	7210.234030416049	6995.602387502592	7605.260362443881	7486.3382676761585	7889.3945578376515	6456.6541926543405	8060.794219105833	7425.3134580096585	6332.076129536548	8204.75516441461	7176.496418223599	7775.580195370759	7335.669371236079	6969.3440180811385	7699.219635943669	6786.73953629409	7515.02883442312	6642.7770217218795	7798.603678721005	6024.5113895638	7485.958532146619	6984.061203394546	7666.345645327924	7690.172839553183	6552.201165385806	6346.9846326729585	6024.225512487699	7332.166010037007	6604.88808510947	5959.859430214365	7911.571242559524	8529.534408174564	8370.430783010945	8730.372812392417	7040.603160478385	6073.536939673068	7306.646458560745	8169.407038385342	7678.036280881305	6280.95495920221	7930.896800553474	7492.5797125661475	6823.489707906453	8244.9173326321	7105.725385085051	7813.554187240026	7018.4137746847455	7512.644341528053	7085.277226834196	7083.460618944459	7813.73019162527	6780.585809802333	7988.019315941066	6183.674467349742	7574.464087625965	6685.8058347673505	7484.524131680748	7034.469625800039	6000.40903679698	6150.489310217215	5875.218306112672	6612.590105890582	6798.247401233949	6267.464558390828	6710.798840857693	6679.004188772538	7860.03662258655
3900	4200	9070.930056466927	6510.810043624028	7499.911695607047	9245.925108276515	7343.446857312621	8024.148845227917	6750.083708983642	8061.180653289923	8937.116590118741	6063.960124022464	5793.648776316754	7842.778171133501	7240.9206794793745	7690.691588037047	5442.691127649703	7328.979170824779	8003.85157604096	7428.5279541015625	7433.881191727019	8826.644465998384	6908.846338111683	7226.4446934798825	9133.079646326514	6870.7536522117825	8124.684001862417	7077.318812107872	7715.244892588224	8667.627642658912	6951.308153993595	7303.023413726007	6923.395706872003	9101.582730867714	9062.923882378473	7120.644623709197	5877.638301726311	3245.4712699193815	5042.928437987853	7909.2096145629885	8701.052755367067	5573.405844993268	3768.0603653858666	7743.222687223064	7265.209305431686	5846.180584170616	7028.9464118923	6891.176102371903	7667.80439367734	5970.375528589496	7979.595836486151	7620.208845459446	6193.36120389702	7977.429921705498	7170.403524658237	7510.247974172919	6504.357368619776	6733.076111366009	7122.007011631988	6668.553288974632	7206.463820659251	5815.741522894965	8133.046302553157	5557.576397942195	7581.5270708454555	6206.671034387638	7088.394948972953	6771.633381038636	5892.497441333487	5694.236061819051	5544.154579190576	6793.653419742331	6115.742673619578	5425.555547092309	7873.679030839224	6881.732402376705	7392.4652421849605	7964.2474412302045	6774.75325962197	5426.510076954786	6967.969001343263	6772.099997971324	8019.425453298029	5947.633725134301	7810.803066791384	6912.913368942392	6717.576354723331	8240.984341660103	7027.811809069139	7369.071485999837	6570.516237939381	7272.4723034207045	6668.483796514859	6655.340254631209	7158.1182723348265	6662.38894299807	7908.1137265663765	5822.849294385312	6846.653428772915	6325.276916992119	7011.830824012387	6613.841456138783	5604.775249019505	5602.9988835540025	5418.512759801917	6475.828567658881	6263.5532782627515	5990.522598983048	7243.6314661053375	7270.444918392929	7703.09240016969
4200	4500	8553.254041712924	6436.976449979947	7261.085871752974	7804.564521097647	6863.880211805191	7659.8536262475545	6668.970413345474	7862.714562188843	8637.508381485366	6481.995910705384	5159.083443597785	7501.779030925589	6616.551863079049	7169.020497885563	5765.947704524308	6528.230044622491	7675.40382576484	7296.2156982421875	6948.1525763073105	8316.21130555621	6581.161239302534	6514.871026391062	8330.420159460182	6330.847468846658	7069.591866504866	7251.632538996728	7198.607976808913	8746.607444685218	7161.835309571967	7167.596405372191	6502.348975897407	8509.211799605615	6874.219129774306	7091.3314317759905	6239.003721175655	3231.0817083056504	5119.283943726684	8060.194428253174	8364.99374515457	5421.19686524574	3678.6705945853196	7651.845013177217	6614.889778561376	5481.356293191874	6988.079965237579	8475.263631342	7479.65468719919	5428.88946362699	7607.951021748664	7266.786565066015	5646.142672219708	8088.2614905091405	6731.149695059002	7045.73826170904	6105.070248546445	6667.8329920275455	7161.543968629978	6028.177100471375	7559.333361816406	6012.843270334109	7830.996132409794	5282.1366563573	6692.5722290235	6024.173381540189	6759.290025722671	6831.007901984056	5392.11992803886	5170.838625871336	4796.003091489866	6605.814887925513	5743.305645560059	5281.763122281413	7655.571472749256	6334.277737011389	7063.761699542578	7612.995435169356	6484.699818944152	4960.995975795059	6351.065410153945	7222.548363628223	7949.365933567846	5538.537241403539	7290.564736223897	6686.776217860034	6348.22664505525	8258.745292313322	7040.798509597473	7151.530065707451	6247.769403824148	7284.798948113724	5867.647393880722	6396.230791605542	7443.828785628658	6249.983621223035	7256.1445469176415	5495.8161833466	6672.506916256834	5913.055721145251	6607.1158829097485	6014.630588717938	5305.68314279766	5205.044725889274	4875.647467601407	5978.733705227831	6199.515911172256	6157.384290514174	6415.274336147765	5940.212434790316	7309.85520703505
4500	4800	8145.491256771315	6119.705048891676	7045.157798999944	7423.739447080527	6508.385283052668	6381.277341571071	5699.075747653171	7201.450777655361	8717.526610580864	5687.31128246121	4655.760776344264	6929.813472765253	6758.737571788639	6996.479581529939	6386.630259253653	6492.017348834778	7648.599136766691	6271.9312744140625	6470.618053575502	7868.784850193253	6852.52296762601	7169.108458122635	7950.0038698639755	6029.781519406237	6620.676773003149	7159.227616031786	6749.841506380478	7535.87758991028	6837.359586744777	5685.410520860765	5910.326751489433	7417.0989738838	7041.212185329861	8376.079061073831	4989.908571304813	3148.4827531578853	5202.255615611453	6930.179861068726	7194.78858543369	5270.148569859391	3622.123057666929	6616.197789889663	6253.282606980286	5103.41664591319	6539.439114186559	7174.990370427627	7078.822000330696	5190.2954854311665	7156.168293143017	7123.459490424519	5657.306306742044	8093.072888564619	6277.989881828776	6972.870978021397	5897.867155198135	6770.117290365285	6575.914201380588	6042.434475325669	7479.007056106347	5584.448869769779	7104.130507611147	4908.777625245697	7064.8069311641	5720.114372150174	6530.845884117754	6377.792578154291	5254.713617209224	4962.539335225114	4486.093227222452	6086.087458102201	5599.515079113873	4167.78539462527	8234.529589068701	6793.305101632804	6900.693341067099	6572.210767811874	5791.52815108278	5222.127655824745	6134.061261780059	5722.388620808336	7413.827276355116	5197.7053207253475	7483.797569528123	7589.485381297576	5934.30069455717	7740.355281258771	6934.6002517434035	6550.115685623017	5923.800276307073	6265.946983867092	6117.789481905942	6179.305313736695	7710.623598940082	5698.573614891539	7248.234484188926	5286.670506532843	6011.787675881754	5763.489691974241	6716.774583464899	5891.497375062124	5261.715977850895	4735.6321756917305	4534.118952960796	5640.739049425391	6157.07409002813	6011.065453955224	6326.31767262728	6279.26271707544	6926.736527278067
4800	5100	7706.976899913746	6212.613328277522	6883.303264734347	7418.497661622865	6016.51969718314	6166.903948296627	5871.168418494789	6902.64888064982	7818.358137216639	4879.667618482444	4602.705914965706	6225.714554793742	6646.604427657347	6807.077512632029	4900.751708138267	6006.661818307101	7010.242460220694	4451.934020996094	5720.899734831204	7411.754560571727	6409.286728391493	7153.203015008822	7350.5591090476255	5304.522583779111	6329.662067400838	6871.0766412075545	7104.073098429825	7354.435289190807	6738.097330706191	6382.092536840546	5913.9819950680085	6841.13163870376	5729.899305555556	6987.791830837136	5680.686259608115	3044.064319178589	5104.394722469956	6620.145017623901	7228.314513800703	5022.647354844823	3526.747796258454	6747.761743801743	5944.025479123714	5260.510918356684	5976.173894062301	7315.2614224506315	6791.400474026776	4923.412670475729	6767.5536365016005	6677.580789317255	5484.2268886042375	7401.24859230994	6114.526054807763	5982.044736964116	5685.333020904655	5834.7748807709795	6654.290438140839	5947.855393450135	7428.263436933877	5600.915459148532	7215.474457655445	4691.253842364003	5799.648806258151	5556.465789659636	6354.613967048829	6440.1599255832425	5016.593328954497	4511.96609356346	4336.304164449959	5805.787303557754	5463.314885505063	5014.232127952749	7684.155820816282	6107.781469973724	6831.640459435193	7793.62353613428	5487.903615784327	4319.912718140429	5824.510419278823	5537.894815964139	7000.632839001487	4946.341435904354	6682.496257622603	6075.627226218199	5707.369931917398	7156.567787439444	6369.92021121817	6184.70511483208	5897.469638244539	6032.421276245861	5962.7350441346325	6488.712451314023	7100.980881888654	5928.7676286269025	6860.820267273817	5074.423102694003	6248.407420116182	5463.63319295403	5890.082288467932	5746.814993302705	4881.12861391042	4515.4948636704175	4223.959433740222	5437.542078491328	5442.752563094809	5315.395475983977	6079.690503864197	6828.947054722321	6493.549600241779
5100	5400	7315.437946005657	6116.360388404256	7611.597585243211	6703.681049572946	5794.22646797224	5909.10992590032	5906.31027624915	6528.982140994216	6385.750035548242	5427.869778847053	4641.140676349765	5820.742901483907	5443.431462032939	6285.569198821672	5139.926406908426	5283.749765957649	7073.197007367204	5978.989013671875	6387.241150347856	7095.525914328507	5974.39026102089	5963.341026652539	6638.953827193995	5394.219510777141	6251.232578578539	6047.9402267328815	6203.612810288343	7439.699981466697	6097.3979153065	4922.888955334152	5201.2158817867585	7552.934283506027	4575.837212456598	7140.646638473661	5107.380603421119	2942.1332822101945	5058.389473375064	5786.541674804687	6896.590054030132	4854.838574786945	3497.173689063054	6219.470433932632	5611.031636390092	5180.043624914272	5795.271508264326	6228.825074656129	6664.656668027747	4585.252331502119	6685.63783011827	5884.237734725751	5298.735481263365	7414.666319233951	6032.916741881708	6117.951011815119	5516.316754536801	6177.717596646013	6145.9005800267905	5527.899405220049	6955.7414054538895	4889.491351169919	6709.981185164304	4585.846571070444	5879.544176246803	5371.492402492517	5675.725576085243	5932.652207473544	4766.315294818083	4369.042510225348	4055.148549176656	5507.976079396754	5295.608822986084	4611.327117504151	6144.228909834605	6185.473973620729	6305.422587209106	6442.657413977411	5450.2490901862	4537.628788171217	5766.511189903492	5041.740275298285	7147.679593440156	4821.753443416807	6448.533273399241	5841.022671430539	5363.206142366805	7278.0419248173575	5812.384391580778	5907.1235920848385	5286.946277784039	5698.214780707597	5443.5439281870085	5569.029348937011	6625.251267885686	5633.256739454818	6663.846603772122	4657.954414872804	5537.833647058922	5315.633786557753	5711.508662971075	5752.964012649099	4626.92869859986	4261.006050596	3991.775869351439	5205.832367465332	5065.129574679752	5283.582171856464	5939.534426748467	6526.197042851626	6008.80925468712
5400	5700	7147.400303000455	6234.647642974964	6424.0581966379605	6660.494843525638	5788.452391279759	5899.213112507026	6268.622477855052	6336.702006352873	6363.486565860537	5363.170591131878	4529.086489739217	5677.017960083343	5813.606003739231	5631.411433412583	5620.5956095916035	4971.270270800069	6644.933771741596	4289.6217041015625	4970.245205398894	6819.94322416231	5726.695834705021	6196.167148789927	6722.396269220694	5392.774807621111	5287.23749271721	6275.357350543342	6155.432033219283	7739.060031863025	5539.813528120148	5659.912196241515	5366.320321867506	6771.400655791968	4450.100124782986	5428.52274254525	2820.5779733965473	2912.2747163316694	4873.850298016312	5986.04836807251	6211.9317738383625	4698.879402195637	3477.780820788001	6446.388568593495	5986.2580008991035	4654.742365268267	5866.775939181919	7923.775280965955	6537.730981726715	4399.98342960779	6318.331504553287	6134.719613768608	4945.37230772083	6996.312331209661	5985.321244656405	5794.199375320423	4969.570272100505	5978.130300850704	6425.258154120638	5430.507045792773	5773.31528497226	4883.0064302298015	6235.695340790109	4372.195054134581	4988.034615221834	4919.523817645352	6003.895586630555	5157.042146990524	4554.608250777724	4243.180059228755	4043.3658634426047	5258.600142861291	4867.3771509820435	4899.936458798997	5349.981690906343	5533.545893219646	6685.5746689867965	6304.53775970352	5119.725555283885	4265.5545040515835	5309.221444737442	4871.625519410929	6775.342231870342	4507.013303807359	6349.105161739112	5341.902866070087	5227.27261053558	6751.499159335139	5526.356095178354	5581.825297131653	5128.796891744709	5816.542819619033	6033.117788975693	5996.06170869297	5806.410946412261	5616.1756658651775	6147.2328084781	4576.383704150772	5733.70287265156	5253.150749198583	5526.6093753939995	5115.312759482278	4524.146124016893	4311.6407016404055	4069.1998326595995	5155.30697423371	5012.714430318181	5339.405623429305	5098.409806860234	4430.964642541721	6038.518961916505
5700	6000	6666.730863844046	5905.903595857765	5451.131244214262	6357.601258357462	5552.8467223020825	5294.662320865211	4995.526480872352	6239.302112457091	6614.828492011574	4713.068514670831	4834.286300043097	5531.443674191118	5125.40312778674	4549.1705356389475	4853.100518710371	4763.096065474832	6145.03024479981	2834.4473266601562	5207.826285926095	6428.70659200171	5912.708227551816	6761.043141836893	6038.916689594166	4767.628234716155	5075.469835549957	6426.757530109633	6387.765890095819	6067.525643200654	6083.500742347412	7271.453956861174	6331.556603740445	6039.0762634916055	5169.465440538194	6511.93698392056	4820.236950289818	2903.3522885589064	5016.346794434647	5829.903437614441	6044.6247757730835	4731.652517613011	3355.3885808719624	6138.1252287679645	4326.169677100948	4327.745230795129	5323.878954926227	4664.4924512787065	6355.750482531913	4284.301707207402	6069.87035081662	6296.9636474147865	4967.336616470969	6753.4223488414855	5817.390827808667	6248.143081122656	5069.392435633289	5586.82209672599	4912.162099802482	4814.737861317002	6844.211659307065	5253.835850895275	6201.653105368074	4028.3209658924793	5309.430022007926	4603.6709053323175	5419.59536101918	5106.002818381636	4242.446944057881	3924.1986763550917	3640.91004005126	5188.023892329216	4776.557938401784	3380.5032444537283	5498.572424510168	5479.060083172587	5922.147172984904	6749.476245007159	5814.639184552174	3972.8774988833243	5359.421192737297	4902.448998044077	6120.768880423154	4290.785705482695	6091.94998563374	5802.474020542242	5160.773933186818	6658.462007259895	5537.4416651586125	5908.977396474175	5360.329242314926	5487.906031656207	5425.034465533876	5349.0164473132445	6165.890354719654	5069.841668503974	6086.9014362381895	4464.518457476681	6049.509096018037	4867.593721074421	5301.5636699061615	4681.982123565082	4285.139731328607	4099.426418298584	3773.6017389415624	4523.106943812746	5042.768729264999	5206.529210657506	4463.069866680528	5424.565130941678	5592.789856669504
6000	6300	6458.106689664343	5674.139040027764	4454.420878055922	6211.989338958999	5082.686340864266	5496.016903025721	5393.767413302585	6157.457827343478	6277.677697278862	4658.115349629821	4108.826007051423	5095.947345752997	4754.058781322585	4811.048445317463	4357.013245821149	4295.335114787675	5626.678133890937	5848.986572265625	6132.048665513087	6290.818269878741	5575.390866313644	5474.229455523774	5685.656304347279	4715.473856734394	5066.094284271122	5661.255968760649	5552.491713988375	5892.376067625171	5433.313728095582	4106.806510325228	5398.806024126012	5745.815824998079	5258.872802734375	6406.213992279355	5635.632849908644	2842.342263884388	5004.811632280589	6496.720390701294	5393.657648488686	4555.864696584289	3337.7767836731005	5721.496851280554	5324.324870364767	4361.982913977437	5419.963713391334	5145.40095054597	5824.564887309112	3909.0550538996467	5479.813130082018	5961.160952499188	4653.489884351205	6062.582783809204	5222.408330439927	5488.634151177118	4875.605346827455	5110.271681292304	5536.460843055175	5199.649724465894	6162.369901574176	4567.920634504836	6465.134493949339	4010.5823754246126	4927.993317306788	4577.074731901249	5256.884119018884	4837.370063731394	3976.289119735217	3750.781398831093	3442.23577443411	5031.417768493341	4395.946323981278	4158.237727554141	5128.443532307942	4149.022779638507	6200.779750207207	5372.676592586634	5080.8617838481205	3951.9832089255783	5327.122844725755	6265.863588524411	6345.587074863337	4216.267519470576	5589.791329229559	5177.689958490877	4840.700354705191	6035.056602412038	5341.1719520826455	5204.290060499672	5192.268026094401	5747.479186491321	4821.0212539576505	4927.777887504833	6524.821966510867	5167.666195495942	6213.21833004259	4155.3216026297405	4490.374724535673	4749.3642863464465	5313.107567924238	4740.256807621733	4028.6920761901883	3871.5596602010164	3486.6888535355724	4590.59281631708	4524.607427365123	5455.085186663922	5001.571937553735	5135.3904059856795	5895.677966166099
6300	6600	6056.946133494509	6044.414936216276	7661.046647076975	5454.519902396519	4339.381013348372	4843.885962175534	5431.710099503801	5680.8529664503385	6191.962325162433	4480.261482641918	3394.097409931595	4865.888374248023	5401.75695518404	5486.438133772931	4623.448284800577	3289.9465079574397	5126.924030202218	3467.9119873046875	6056.389364646299	5862.661222242547	5593.4212533192585	6559.835505493306	5510.864066057487	4403.430077253388	4422.4589559016185	6004.283834617669	5384.754208736952	7604.377561456908	5132.9040759284235	5184.542416004652	4871.858360967476	5030.305256437587	3665.6660427517363	6233.683170129757	3590.3575272098665	2621.423501849755	4859.433573706681	5316.755316543579	5093.789635252756	4468.895586680991	3198.739361648593	6095.474110902245	5949.420725874056	4225.833412546818	5084.876447824331	4559.028124560107	5413.947294541497	3691.4046809844326	5770.152792114144	5255.6865799729	4391.279729089287	6314.004490339353	5287.820902683865	5184.899799753711	4551.030838210334	4948.931569855788	5159.071862848702	5261.0439047011805	6096.901954009568	4229.420733916174	5610.593680130477	3815.8697164769983	5153.999981072244	4041.4237714302562	4854.0867400050765	4896.47530825866	4087.628201542756	3634.846188666535	3306.177777183141	4556.611633088194	4420.3981698443295	2846.402557788818	6717.576005433098	4768.399335245448	5665.9828032719715	5680.845734544199	4077.9291897868684	3888.374460719576	4512.762317058751	5219.139145815611	5676.441281601844	4083.1030501063674	5397.251552944737	5372.81684366862	4615.315272676839	6754.055547454082	4664.528174000027	5491.736050746381	4581.806374467158	4767.460937128288	4844.450637713509	4564.713397065764	6224.403248009595	5028.923157399616	5531.169160581053	4063.8982501624478	5034.254032466097	4797.637099994857	5251.592371675351	4927.727231377127	3937.1672393072054	3693.2098174131033	3404.777670952716	4031.644264907699	4425.685841620518	4855.468389520635	3467.900436153138	5305.067752980336	5816.79471257768
6600	6900	5901.162774552638	5400.9945676416055	5320.759190776832	4873.311562834512	4783.765550360637	4980.006789962096	5725.031257010795	5675.90827986544	5595.891885628177	4836.07171856014	5295.351848505585	4349.589058415421	5370.407080004059	4008.4428133934243	4894.4429950485755	5678.8776631227665	5097.736336076712	6623.9766845703125	5107.22122749273	5581.571760052793	5028.058423280923	4150.555075169164	5865.82193381359	4189.967036334331	4586.4972160954885	5100.093154329761	5543.80663199045	6371.3655667864205	4199.0465020772635	4729.736089356383	2930.12120411093	5739.71959970186	4828.479031032986	4515.135632807665	4099.38688118227	2657.3878579241596	4803.648718924163	5714.305949115753	4959.718423041354	4375.037064575957	3200.979407660028	5847.55609945041	5614.6685279750045	4258.587724922546	5935.975567053885	5716.498394704694	6119.086673027002	3832.485266254924	5508.874340407836	6257.2564445510025	4201.371776466792	5980.448860444433	4884.529543426796	5403.713100963406	3946.2208636147307	3410.926363912122	4972.644583884726	5151.952178454562	6287.947673034668	4072.962766444507	5319.648486982523	3797.9207551309028	4857.815832303998	4268.721537325538	5009.496486388614	4463.848291865064	4133.2413312360195	3781.406399792465	2923.0492270617165	4885.3771130661125	3971.4764682955542	4183.955196287066	4630.022707451714	4064.4073372359217	5796.224109347062	5956.208911511799	5927.97761125267	3807.233723023166	4508.725685067409	4352.447799201681	5129.941279770633	3722.6926920616447	5485.838622204792	6083.744094653007	4290.568758457495	5701.343252033531	5055.016667012425	4569.492326041058	4218.296027631233	4168.476923562723	4816.647173451737	4684.280470535745	5456.314660495265	4367.432244134757	5748.07580857146	4016.0395941382562	4636.567767114132	4049.4113647021545	4898.812202618021	4773.685894619133	3770.409240860463	3842.045180836971	3035.947606049136	4162.095808800179	4122.599414360785	4132.560583581458	3682.948255475058	5634.270493567667	5495.093090080698
6900	7200	5666.932154171582	5591.877343105666	5542.072129747812	5670.633397398721	4304.288237898881	3895.044672379238	4533.349776580169	4689.384776000693	5556.895719287173	4613.034530563583	3515.2869983655187	4085.008467009785	5605.859025477097	5927.2232918066775	4218.586749802164	3264.0550646259835	5441.157224070387	3055.2606201171875	4149.119551387146	5382.5080318293	5965.6839097767115	5784.8736774058225	4765.885459177727	4121.483773784763	4896.177721346656	5104.488323962864	5586.825319200612	5548.414074023913	5823.251530996761	3978.8318839769686	4128.630819563099	5013.2168588043505	2705.083482530382	5067.766206344755	2626.671649071478	2510.2686317368352	4682.658132190281	7800.88959236145	4060.446833562233	4403.202251989487	3094.1661845139643	5023.161766194586	5504.931261474067	3625.695892645494	4147.795969285577	3261.9062530635406	5637.036994485294	3876.434058205072	5524.513348517928	5044.655140337016	4208.150796648621	5775.991352548677	4662.089262843446	4902.073872808257	4407.038564148429	4260.419117072533	5431.677747777278	4369.870936831255	4398.286764659052	4310.083036787463	4864.748872926063	3878.3240854795226	4948.340812514108	4253.81184236802	4753.954831009057	5141.655097837855	4056.1592974090904	3689.4409156220386	3250.0542970315214	4115.788176499428	4550.259988748867	3319.962887520578	4670.5246933710005	5149.466020444649	4936.738093673382	5540.255917690011	5154.940024932816	4208.9757765354225	4661.210464783651	4836.464610452297	5420.75809927721	3938.3738242973222	5049.311646171152	4318.578869387635	4166.018616849387	5898.45510271368	4836.915495405046	4463.892351730084	4137.001106534654	4579.444645499486	4036.3745488631225	4542.681891144554	5013.699975200031	4266.562017634687	4719.021391782468	4080.906973484612	4603.843693005936	4480.92272662871	4874.522318102545	4048.268913890522	3920.5205175256706	3719.107562477216	3676.5709679661254	4173.03901177786	4010.62310940158	3977.829875141948	3707.651930258719	3731.5091738708593	5179.22548464764
