frame_start	frame_end	Left-Cerebral-White-Matter	Left-Lateral-Ventricle	Left-Inf-Lat-Vent	Left-Cerebellum-White-Matter	Left-Cerebellum-Cortex	Left-Thalamus	Left-Caudate	Left-Putamen	Left-Pallidum	3rd-Ventricle	4th-Ventricle	Brain-Stem	Left-Hippocampus	Left-Amygdala	CSF	Left-Accumbens-area	Left-VentralDC	Left-vessel	Left-choroid-plexus	Right-Cerebral-White-Matter	Right-Lateral-Ventricle	Right-Inf-Lat-Vent	Right-Cerebellum-White-Matter	Right-Cerebellum-Cortex	Right-Thalamus	Right-Caudate	Right-Putamen	Right-Pallidum	Right-Hippocampus	Right-Amygdala	Right-Accumbens-area	Right-VentralDC	Right-choroid-plexus	Optic-Chiasm	AirCavity	Skull	Vermis	Pons	CSF-ExtraCerebral	Head-ExtraCerebral	ctx-lh-bankssts	ctx-lh-caudalanteriorcingulate	ctx-lh-caudalmiddlefrontal	ctx-lh-cuneus	ctx-lh-entorhinal	ctx-lh-fusiform	ctx-lh-inferiorparietal	ctx-lh-inferiortemporal	ctx-lh-isthmuscingulate	ctx-lh-lateraloccipital	ctx-lh-lateralorbitofrontal	ctx-lh-lingual	ctx-lh-medialorbitofrontal	ctx-lh-middletemporal	ctx-lh-parahippocampal	ctx-lh-paracentral	ctx-lh-parsopercularis	ctx-lh-parsorbitalis	ctx-lh-parstriangularis	ctx-lh-pericalcarine	ctx-lh-postcentral	ctx-lh-posteriorcingulate	ctx-lh-precentral	ctx-lh-precuneus	ctx-lh-rostralanteriorcingulate	ctx-lh-rostralmiddlefrontal	ctx-lh-superiorfrontal	ctx-lh-superiorparietal	ctx-lh-superiortemporal	ctx-lh-supramarginal	ctx-lh-frontalpole	ctx-lh-temporalpole	ctx-lh-transversetemporal	ctx-lh-insula	ctx-rh-bankssts	ctx-rh-caudalanteriorcingulate	ctx-rh-caudalmiddlefrontal	ctx-rh-cuneus	ctx-rh-entorhinal	ctx-rh-fusiform	ctx-rh-inferiorparietal	ctx-rh-inferiortemporal	ctx-rh-isthmuscingulate	ctx-rh-lateraloccipital	ctx-rh-lateralorbitofrontal	ctx-rh-lingual	ctx-rh-medialorbitofrontal	ctx-rh-middletemporal	ctx-rh-parahippocampal	ctx-rh-paracentral	ctx-rh-parsopercularis	ctx-rh-parsorbitalis	ctx-rh-parstriangularis	ctx-rh-pericalcarine	ctx-rh-postcentral	ctx-rh-posteriorcingulate	ctx-rh-precentral	ctx-rh-precuneus	ctx-rh-rostralanteriorcingulate	ctx-rh-rostralmiddlefrontal	ctx-rh-superiorfrontal	ctx-rh-superiorparietal	ctx-rh-superiortemporal	ctx-rh-supramarginal	ctx-rh-frontalpole	ctx-rh-temporalpole	ctx-rh-transversetemporal	ctx-rh-insula
0	30	5.553917858613735	3.0709090075973	0.2122836577381776	2.8154505152220244	3.895731740908293	3.0672652381352945	1.2918684987905755	19.239644680018127	1.7485947836032238	1.4776434189800618	4.235354066685783	6.6413421935720045	0.57183423103267	0.23959113055546938	2.107869894834303	2.640655080649441	1.301530260881941	0.19184380024671555	1.9026102382287213	7.5187847597203765	12.153997551541075	4.799501339425467	13.050948491484988	7.307035481900185	2.070597153400374	20.96128534914814	7.680733555998282	1.6366180750421986	4.221215004550169	7.345575045894071	19.980514661845692	4.282217391825844	5.660381983047801	0.5171100427290194	3.6369279137729307	2.399488974979159	1.9458630073346108	7.297555991342892	6.108573464527281	1.8756492903580664	12.261055161823966	5.23781202166309	6.584987921919995	2.218833397575936	2.599398638276303	8.726241690733746	3.826090923408685	4.244713659983082	6.757489078769051	3.0532564448388517	5.931332026866383	10.19492569401854	6.866458503419052	4.417293463987614	0.2519187020687385	3.3405901198544474	4.413182838728375	12.424954382052832	1.6588005037614124	1.122179660413978	8.299469360219469	2.6810545549910705	3.830516232539654	3.2650019214245405	3.0071805116666255	4.531422795143923	4.9925712935413	5.776968379038534	3.8245761660870254	5.386106712017381	20.4990510645568	0.6674201789402878	14.189190003974373	7.693021204009637	8.19908421966825	17.84239106502113	10.753047698039643	0.5953959536328114	18.697253135234796	8.822641585943032	2.918150521978737	6.541193223136603	9.885377470179233	7.014454425805589	7.393270085360768	1.1394860869065162	5.871759883799134	1.6856899439644766	2.4798303629097993	3.394869351627942	7.743015607409951	8.971199501257598	13.784741213459096	0.7108376544185641	7.290910511469167	1.9137317159270537	12.13501019639234	2.385271263284894	1.3944204157870177	5.818360048895187	4.806045884489386	3.522297063422945	3.1448766907764836	6.011481534531217	1.8492768670537647	0.5045204091025339	42.21010361671674	8.002817154939182
30	60	769.6030732772495	364.93792978373875	728.834028193381	617.9485237917377	845.0938598108778	865.1338032896597	948.4743137651366	1109.4168255427267	806.0866015167057	941.8012117506345	586.4548489285955	785.6910018838975	1027.6350049314315	1177.2583729170824	936.1068038337455	1995.574558182518	1090.5835071976555	1088.3748779296875	575.6943729018276	735.6992186094012	418.76183648434755	891.5083730103539	727.167714555653	860.4751031206677	1104.915361134678	793.1066817440723	1156.9766629625003	755.8878143581915	829.8079528678842	663.3666443609833	835.0520395299294	805.2194552174825	823.7527746476799	1794.7448769846271	192.234629616498	208.64466761446272	832.1380099726138	613.1787707544912	978.1918165523674	136.13529972394164	1030.6260607005745	1363.3658637483134	1302.577646456793	1134.592149493563	844.2497521658709	784.9854814753025	911.6904654385135	901.0744238319368	932.4164291355871	796.3994513106994	1273.9030002953712	1039.6538404481494	1367.7562407849175	993.0859197470868	1066.358221773723	996.4794278524869	1349.40712934943	1210.2462558697969	1135.330032503087	1008.9364529671516	1032.9139144792275	1410.0215072784933	1081.2433002429493	917.3762481641198	1276.219607776688	1241.3398554503706	1162.116590108962	903.1036031184306	1298.6587005064962	1061.4942908738408	1380.7761098466071	1237.0074228242697	1853.0343313548603	1594.4577198346585	920.2922465592977	1438.5103108089654	965.9579373136528	1076.4652968730702	966.4790538759374	886.087254771112	988.9650730923206	792.3293578039242	1155.9050146438224	795.0759315439142	1184.6301979851035	853.3309507762301	1103.6858372634715	900.3319546097105	1068.58935730029	898.1089899340145	1374.208165477226	1045.934331034493	1117.3499053712153	994.7095214154441	949.3109993178493	1117.9419669022993	1109.9660490030724	929.842940818861	989.6356505060488	1048.1944486753937	1179.7905642835906	907.2042850376926	1278.9795296297457	1189.5561200403233	1140.0708412428844	842.0205027062908	1766.1062133046821	1265.3082799751587
60	90	5727.1549842416125	2582.854948692391	5843.917764579301	6041.044313514075	7706.024880484962	8063.445629169414	6860.637035413001	9728.114580537922	6376.479473392775	6488.349011941461	4319.600313299625	5640.661763866603	7854.141849250575	6652.130722038473	6363.080366871513	7570.9202880859375	6168.000289472724	6680.26416015625	3763.782632183084	5693.8273210355155	2799.138091155616	5686.792995765561	5868.22659396801	7630.17609114184	7861.767939300773	7587.566927423209	9694.7887328544	7289.640299629927	7073.5394676571805	6801.854102133112	9404.940775191373	6001.258760804863	5071.644233061692	4609.640052713374	1199.8632449107256	1391.042940027556	7529.351961871604	6945.622420380081	6887.350161306718	894.3589286220417	7764.619299882295	9837.75949648243	9195.97703622066	9319.40040858573	6373.138491170309	6724.558214969884	7493.909754396604	7688.985361019073	8884.224005601247	6555.725939712425	9098.666724829172	8044.508226114421	9050.61493066454	8000.480513461507	6885.627900916995	7185.207305274017	9940.574811079281	9050.369119162087	9078.294089006402	8124.773604421661	7259.549352400843	9486.959347292624	8159.0353669214	8396.791575608337	9030.0359112936	9334.251428931468	8581.453181748568	7258.364238382026	8479.571550205646	8138.807893541463	9823.551639241674	7277.300783214742	11376.936275934939	8919.3755012627	7926.785750734981	8768.268379733307	8192.366575870023	9792.591354386472	7228.407885514444	6761.640410871456	7673.232973719886	7409.325855506221	9378.228868682803	7187.138843991582	8832.92981113546	8346.922896085533	8838.060832786365	7926.254157189311	6549.562019093427	7395.586331604481	9388.715221885137	9138.526103064969	9329.770128021999	8675.67026838424	7841.45340139877	9225.149008581913	8161.441818436218	7767.671620273232	8721.471687176476	8966.428013007044	8464.358819926618	7214.571740206273	8296.121610589089	8332.141892857839	9418.044610137265	7136.79351830576	11412.330248954922	8860.8110876628
90	120	12635.760663985424	5858.702058646092	12764.882246439436	13937.094479222109	17184.8218520496	17601.83178421848	15935.815787103746	19890.25672453072	14511.626791318631	13789.98810941025	8733.567208709894	11598.068141791779	15676.866752008194	13583.38877547141	13026.919060516002	18908.30777551632	13338.797326800981	20738.77197265625	10488.481648336201	12595.07670422488	6378.727153983184	12595.546616851307	13300.414979596178	16911.77474009077	17234.595098292073	15953.082266384801	21207.70785155099	14865.245651601288	15185.661338422087	14186.618599154515	18109.329708583555	14189.526467450774	11792.263262055496	10524.31707829301	2321.523596127348	2818.557844465547	15915.235565726902	14106.114165254576	14306.305486872732	1771.7858700184663	18287.08527891315	19961.963246058072	18548.337762519477	20321.549640395548	13792.212192183364	14862.90453718221	16205.662343897124	16546.86042635851	17714.498425756876	15116.701937183218	19499.862374071487	18711.94873234225	19356.39748518011	17402.66279058279	14048.746571732716	15396.579738257165	20333.283100711233	18625.516085076782	19922.637333065886	18490.631528606023	15809.889892850517	20009.329424905936	17478.963886720405	18810.832509494176	19259.2443805313	19953.121214731695	18415.007870816884	15701.906343514764	17814.429550440622	17830.842147508556	21271.098520828942	14739.787582280003	24743.515639088113	18879.451863888076	17363.034355072938	17892.89158679364	18080.82788582693	20272.43751543869	14679.69637779122	14526.723081926646	17487.0534486588	15962.759832782987	18781.798681548324	16525.159364588	18934.799538454638	18047.42270919348	19581.660040788192	16861.964638532263	13295.345411048975	15298.169600378056	20622.986236351655	19440.816727979938	21714.55959713153	19847.830889453926	16580.88772208181	20232.919512192235	17574.48710627014	17078.068797655957	17335.257419141522	19188.02375064592	18543.217253522933	15542.84274263714	17657.746466796267	17989.72326059871	20755.015385533643	14634.172353707108	25367.28746291072	18493.262015753153
120	150	20040.71463154042	8861.979575165546	18956.623154901827	23096.844477187235	27861.493381811313	28307.538761753814	25791.93134469041	32609.945864111778	24233.154533860274	22612.118595063832	13967.682311302831	18139.23109702364	23795.95715422829	22340.3848540146	20124.47192530364	28517.336105497758	21116.91625578677	24222.18310546875	14267.073618926646	19712.47838360618	10374.18528114634	19311.264156153946	21572.74462206646	27301.812633255136	28181.115427102704	26362.823397770862	32851.79420531669	24247.43138300644	23797.613790623673	21116.776912937577	28079.39005273206	23305.617070898188	18278.585075431034	12592.83799563172	3240.7556159865867	4301.282183283307	27580.080650475542	22991.22221227754	22300.523017647847	2707.704293750166	28382.14725182809	30761.51601178686	30296.689491722667	33397.23813422263	21072.597297610748	24990.46897325957	27210.272674091662	26636.60852099606	29251.933290478322	24758.93774966774	29965.787328781065	29215.13110855066	29016.312198243304	27628.094987606462	22612.858660641425	25921.5947265625	32664.154102942543	28281.3905683159	31284.798086126964	31040.873893194846	25817.854094067843	31623.033192238017	27990.80480527638	30492.347662264117	30312.650519394825	31064.183093276235	29190.93146907383	25114.90155957335	28515.080171826503	27715.399894070557	32749.02314848361	23411.61109953147	37929.27670210041	28245.01165173295	28796.115617561474	26778.548795406292	28991.998384230297	31670.519680403435	22316.237936538015	23596.365977349727	27785.983890308857	25244.157453126547	29169.232472087664	26493.460379101154	28594.480389344055	27895.181418827677	30097.8250486785	27315.38997106903	21943.07675874404	24468.624230431116	31215.177513539737	29547.763363643477	32297.98967564521	32258.14218228632	27062.400553670355	30952.988031013258	28390.415893763504	27981.159369945024	27972.879695588093	30721.860158325213	29093.44742318264	24815.45860735162	28195.730015534977	28752.52616903796	32271.03995133008	22730.409992532168	38151.18780329163	29044.225018629444
150	180	23909.708391389086	10113.688741404147	24138.201772504148	27133.334281230655	34342.332511197856	33983.943728756596	30362.3392012234	40773.0500209945	26956.89782538345	22853.42898572088	17512.177772938445	21919.57707959321	28216.083336880783	26152.74436207421	22084.027463607043	34963.296548673425	25291.45071265279	27646.62646484375	17859.152651059878	23805.90272173235	12158.901872149316	23889.318951716188	25958.82790214241	33228.08538255827	33284.66686474006	32239.594052264416	38739.49707333413	29791.67706138269	28032.637105555114	25277.701060197985	32465.88150925823	25527.068485619227	21554.974212688576	12077.4453125	3600.3568298371592	4965.935797300498	31670.09398165761	27080.454490772194	25817.29280662547	3141.0167119257367	34594.314279046805	35192.80777638908	36938.28214341842	40021.204865380845	26299.37524783413	29802.015383384267	32463.117149493053	32154.471065078767	35686.42459807501	30064.855282959932	35561.10102269454	35642.99209569844	34347.43915439863	32810.213177276004	27088.6847713791	29806.27139829299	37864.05771379056	33505.84933778661	37389.95948604228	39442.42054889299	30449.571403661503	38044.93528210354	32836.34044989034	37043.01558062557	35673.424907007306	36997.20187125129	34555.12004197834	30054.29142430688	33528.122036653855	33773.567046087024	39270.48564222571	28182.91359062008	42089.762190061476	33248.37013634941	34028.471419680296	32681.68030324788	34719.26163371718	38978.94867813421	26639.31909070371	28914.10146640742	33867.570775784465	30962.760067169576	34387.10211963906	32505.30512603209	33716.283939713096	33729.279646778275	34423.08833302078	32674.869196668664	25564.25226868355	30357.65709963245	36764.88115225324	34746.77495676256	37833.859764847635	38513.42193997048	32451.547190293008	37334.94632433712	33560.69378846802	33565.54433732945	33437.66291631219	37087.33314867539	34925.742972243446	29915.574374522257	33158.57258265046	33849.2179926432	37592.78160812086	27245.191010199655	41710.70273583665	32963.74866746089
180	240	24545.840275331553	10890.664459588512	22147.108960176993	28129.992439352503	34544.89544599148	33660.07187955083	32346.23581040183	40941.80165746687	28760.090967998975	25674.11228706291	16769.949914451536	22295.192689457956	27071.96798763595	25332.90030033455	21149.476060371628	35832.133138826575	25395.05690957757	32199.18359375	16388.72307510198	24208.458603063293	12352.816327440372	24736.711986103997	26331.28534271726	33555.992683754834	33887.95259719212	33207.49210406674	40172.89164084371	31019.000847391395	26759.03755397667	27121.396563853166	34686.57079904359	26663.673747950095	20874.96207502694	10899.572869413643	3493.4224619939077	5014.428108460206	32504.05827105978	28035.953491934673	25558.624458757335	3186.57548578515	35481.09399845216	34209.94477083621	36823.97564224306	41048.669441251426	26236.09128846415	30753.236419426627	33007.49810479035	32687.673256207898	33989.701427232525	30950.33107458512	35689.22503135491	36429.46130533073	34693.59595926731	33653.59580918251	27253.353373080223	30355.367150926297	37809.086658754415	34132.43437797179	37499.70938348468	39476.85852662098	31417.40095268544	36923.44673651756	33309.60134188984	36503.45422379536	36433.54434925532	37596.476326294185	34852.02840417807	31217.89384492287	33321.209601373135	33942.59487808571	39004.46428383221	28604.37674434974	42552.77454918033	32623.947781705916	34149.00149452961	31191.334869597777	34900.274251009876	38631.18332605883	24865.33163770989	29797.172296151242	34185.3005130637	31408.184195718884	34592.050312352316	33474.818317317644	33728.26571508048	33866.42894490423	35149.52542354284	33075.22808289116	26561.44747677365	29755.49463875886	36918.27982724166	34584.12501339213	37660.05688743781	39005.39498684548	32489.643506007844	36301.21702130682	33724.56429713307	34423.5043935056	33062.706969465944	36924.90177549223	35016.44630294014	30732.40065813287	33190.48701947407	34363.3263556177	38482.5099712928	26884.569930810867	41256.21220730531	32424.665018178537
240	300	23490.15210445602	10082.003932962243	20003.18906422843	27006.563338957843	32566.057851292033	32595.505719772817	30886.651549684106	40040.89878364904	27633.92452954035	24245.830649321935	16208.838467375326	21113.943595714438	25376.931018638643	26448.815561796684	18559.338844714304	33212.37753326114	25750.692482596765	26921.05908203125	14536.491065818947	23160.831130961047	11452.313786579272	21299.959544697747	25377.05011832171	32112.469722579823	32825.55705721117	32199.453018482847	38986.912642621006	29586.92897398342	24701.938058035714	25161.425756387598	32494.915566151394	25333.240459543278	18164.679391163794	10842.239869476647	3305.822590945619	4917.348596629222	30589.707704483695	26341.982907944832	23824.905696817652	3227.2737015596126	33710.0625722182	32253.687830836563	34524.24266312287	37874.6761555015	24041.1897205347	29644.080309125122	31694.098052257857	31128.61455014396	31762.85285673612	29198.797011519775	33765.3281058191	34400.654200858065	33015.52270735087	31710.720098570306	25706.64090289693	29105.595825334694	35321.17037837893	31784.743582038955	34719.37084909453	36980.49753517067	30007.05491841018	34165.38976710563	31268.199338952487	34601.836044697564	33592.678022773	34844.08077808188	32590.109932094474	28945.79679868621	31468.981024954737	32366.504238154874	36426.52258856582	27895.247608481128	39254.72294441598	30561.28882928067	32618.35533635788	28959.388223356065	33249.751196595884	35327.47646227936	24390.13070086579	28897.65384516285	32040.911466478054	29616.956689762163	33074.36729161744	31796.286948672336	31921.601081290068	32605.9704179944	32807.01488434867	31207.208495398994	25347.765476342036	27965.182092780007	34229.620831643886	32387.567207226817	34827.7554244403	36283.89918466055	30558.91220430483	33064.53418892046	31610.5351044063	32220.141355920034	31423.406424118697	34720.35527542287	32266.291102256062	29116.52428883768	30940.017968689175	32011.156924166502	36233.31156370812	26539.891669858047	36309.973383419085	30445.365368103547
300	360	22162.45013540196	9407.242007066721	19475.982227426714	25841.28628256742	29930.983091673625	30744.332620246252	29210.542187131978	36609.81036946277	27198.39872905676	22476.05287216725	14940.453943197183	19819.518710663586	23593.410027528218	24834.055518647354	17097.1364318195	31905.41303517559	24771.182215725716	27585.57080078125	13305.692357772436	21832.740503238558	11073.683916385982	20864.32018442623	24743.106140510252	29401.449802459174	31488.521147785454	29220.380132698217	35897.71696867633	28622.55983987125	23863.47718148783	23695.312093234817	30501.230281083186	25092.044275297416	16368.018534482759	10152.737372941869	3260.3023075559618	4767.96188955662	28296.13994361413	25160.753417727505	21845.71389897623	3247.1761750464975	31581.743298259003	28842.40564103368	31448.902384976183	35177.525406775734	23111.652714208467	27695.87687446627	28790.930831211328	29336.927875949496	29402.38834118424	26903.587579053554	31245.360095654	31402.42253166217	30044.684731238773	30016.491802386226	23725.885917426032	27018.498343255807	32131.61962654565	28984.805135744664	31832.49692327209	32207.1999271053	27070.987837329652	31475.222239931718	28627.92413078163	31608.959787259566	31027.49775128445	32038.16123422327	29639.78278849335	26599.47731928762	29173.875077940254	29256.148285390504	34330.48223743149	26360.92070127985	35224.37303406763	29738.5168346329	30207.35968482486	27411.95913160918	29307.419796663442	32259.67699750469	22398.30781286439	26839.426263715628	29376.322589699073	28273.402437736415	29795.97892434133	29358.96070925468	29202.79626506506	30096.39684461573	30577.4080437104	28860.94283824171	23368.16477182749	26238.185114780266	31702.6706785073	29969.18060581737	31891.31438277363	32968.745544308265	27924.516064646585	31384.02478693182	28584.349625964984	29630.78172355589	28046.065942307923	31952.184506708596	29718.542008532982	26685.56752422437	28927.33948700512	29213.563488014097	33470.88585580817	24687.94587035335	32981.83111041277	28676.448573839043
360	480	20326.333847253147	8664.46609276965	17469.47044818169	23558.407824048645	26726.81408756076	27629.86742324771	25131.895095084412	32712.232840608343	24666.743910890484	20555.462457220314	13248.997950324614	18361.57012276114	21379.80469408812	23026.0377247757	14885.884879579991	30076.58493676516	23330.73764686885	25013.740234375	10683.038490846719	19931.258669490853	9291.462250719827	19484.92171490779	22700.78948178571	26146.553904187895	28049.42011488571	25857.022526980203	31944.60126839454	25271.772189931457	21073.731323906515	22916.15245012847	27675.114006431642	23083.348550137707	12030.676360452586	9283.843629242272	3072.758117846979	4546.180807999416	24885.998317934784	22729.02396703426	19223.780337063243	3189.566921141001	28143.935124344647	26355.75468036431	27546.23609197368	30289.726403220346	22217.082200227815	25388.88523363338	25359.9303043685	26085.55284843635	25761.529299090682	23838.840815969765	27537.898419982746	27876.786400879297	26536.53068181383	26531.025754567596	22590.371635485542	23352.577288711036	27941.38327554098	25756.09193390744	27439.14672532357	28631.9974579517	23712.294174743984	27884.33492043792	25223.91515683888	27411.85388053559	27443.743022299685	27944.660524686555	25968.05508313661	23436.240302847575	26236.442533150588	25775.171947374154	30019.772796888174	25011.543904992566	31087.094845030737	26007.607614089822	26807.860056068745	24533.633684998837	25512.675931883743	27777.063489907807	22045.500313374534	24697.693829400585	26271.731982488855	25134.313885498046	26004.750921550094	26092.098865283366	25830.02389600965	26272.09790186273	26761.16040967994	25843.257636759772	21765.45475887911	22905.940089195432	27306.34628634731	26472.59072848076	27789.15240224658	28512.27805200847	24350.058573594284	26966.0023125	25179.587640047117	26062.27510366361	25109.105619278424	27893.87618462273	26095.024076384045	23019.516203406027	25850.35185835799	25373.25597256109	29058.03204103001	23003.24824697457	27841.15820495206	25724.54412911509
480	600	18325.141132554516	8034.847953950412	15880.448704542312	21926.527610347966	23101.827971732666	24660.741014916264	21293.632784140504	28075.702671565	22273.10875677755	18462.45632506473	11788.932837793081	16440.244149506598	19416.162587098363	22166.811271574665	13233.324982384647	25832.93740089341	21237.61171644316	24206.35693359375	9827.694807430526	18018.952737848736	8619.657961015053	17428.01662157403	21076.585448953127	22632.39728596299	24807.54415558663	22136.62918056531	28026.74099640167	23771.413169880627	19472.457810174852	20990.052322311272	24646.532885713226	21168.369993978846	11534.751110587284	8985.735871345767	3046.408899803754	4356.292087468128	21376.920111413045	21455.828294756542	16607.732070527978	3170.1648064464935	24393.741344595062	22124.476295722478	23472.586217644362	25591.34594984139	20370.587831898283	22894.485631549243	21598.69599954415	23249.64005962712	21860.95042823623	20877.806877343497	23566.92530358675	23937.989356327438	23123.31731686303	22971.4217783519	19709.306442500838	19995.615196240222	23507.243272286978	21745.705267714056	23733.45451549979	24398.07055033441	20428.328984784366	23431.737929164923	21677.36335293038	23261.836077897115	23619.37420394727	23926.568196033986	22015.86241634471	20185.866696899517	22705.596243164353	22079.750090874837	25459.636002384592	22519.898434083058	25585.76526767418	22567.761503252957	22712.700321221502	21027.63090708978	21077.763067294567	23504.793795897393	19538.051495816813	21742.962734912657	22513.894268395277	22224.781672726403	22513.39867157963	22565.737863515504	22261.327502543874	22510.632937858016	23313.137907158733	22745.246750724662	19836.51535776499	19449.34601947373	22888.91510839029	22477.867125003402	23133.309344099813	23922.850724701617	20626.476073813836	22563.134831202653	21328.227393957743	22389.5009678445	21628.288597060127	24029.99712111477	21991.253030644897	19686.06124263714	22703.450665072214	21751.311997976834	24857.038267155283	22152.29372478809	23725.02137292446	22760.03070393188
600	900	15968.520681030463	6991.8543825745255	13759.036314297566	19007.789695965075	18438.261599683967	20577.721567781944	17174.574384252555	23136.863086486945	20503.961170669085	15026.80178945665	10432.097252326283	14136.680233185914	16345.967794299888	18373.060472266574	10782.553081461021	21034.794145942913	19185.521993578757	18813.162109375	8192.533307553449	15710.959873158721	7676.850932578991	15220.281229988474	18318.68161207054	18147.80520382457	20830.736048608513	17567.135534225443	22483.43203530762	20621.33715648446	16309.862690911326	18545.87523782313	20859.972150012974	19140.046821341737	9146.236672952586	7122.171202956989	2880.551915115924	4114.270528562513	17315.4251484375	18937.25660956864	13665.954731484388	3141.359926816525	20246.158073778974	17772.02937958414	18571.255641208252	20562.02862077185	17722.272634532197	18940.034726944366	17742.469290621077	19294.25898686249	18007.040998176493	16824.823064767064	19608.4638226604	19694.88045641612	18894.964871102682	19156.433086985977	16974.14912962682	15908.183076477399	18973.41292196652	17476.908048206802	18815.033297650978	19536.04396899298	16445.168843866115	18582.898666562152	17332.42343867997	18670.237215613557	19329.69609648781	19234.524597917905	17914.68780696971	16344.79111943826	18653.194584018438	17798.321029987783	20922.278778951044	18999.23031942956	20036.777605020492	19382.940971780958	18983.121923248058	17295.946933893672	17288.183867111526	18649.393939608035	16894.922809657764	18623.17539443404	18211.236652493786	18551.820471732222	17808.718318761814	18699.85920330432	18227.976386302576	18548.80052791689	18854.067639172627	18658.389985162656	16628.725077472922	15696.829952437625	18090.83182797295	18030.84128117177	18664.336839241292	19614.272550572703	16578.79896917003	18315.714922111743	17149.887926276184	17833.730105268016	17946.618094040572	19369.574769579584	17752.100243916277	16056.052230047213	18550.609239357873	17565.968212403008	20678.446959280653	18258.34073925143	18675.424674966383	18746.1673427058
900	1200	14108.444386560412	6506.678019511766	12331.454226873617	16281.031497782755	14348.335007487449	16285.828308991388	13411.190783423506	18354.927753894684	18336.68881238704	12720.504696953189	8992.948469669285	12012.392948276252	13785.132334185397	15357.533120437956	8889.919840835295	16432.584795356976	16762.827391907533	19596.70703125	7138.26283246376	13879.44676890334	6820.898414340606	13746.971575627562	15837.344417045444	14116.222527191487	16611.021977090026	13265.305233853283	17901.45527208496	18196.21185074333	13661.221577630076	15628.269377999792	15996.761075817392	16652.38034439854	7951.613440193965	7603.452802104334	2785.116078082241	3974.884952207499	13409.81092917799	16627.132056516464	11427.41301353789	3184.2688269741857	16423.556510740033	14582.88463372284	15301.086510239587	16063.720568349907	15003.259934972166	16025.94716085113	14370.583813839992	16125.94695444892	14716.049601121578	13943.596137043112	16062.532311995816	15960.439023156474	15418.141783860547	15646.701867902615	14261.949633470298	12684.995299498494	15455.40478361278	14333.408639537545	15332.537357634405	16133.704370284495	13221.389247788493	14623.156927170428	14077.893785277776	15059.988691022647	15525.179601421432	15738.618345498755	14324.020643546452	13136.051515618374	15333.271913277324	14459.783413114275	17198.629437348493	16571.466175332946	16481.14600473873	16190.072539501338	15311.732748078268	14382.517964841933	13987.565651181927	14623.81503600093	13764.72855771193	15350.310200383261	14899.13913711527	15455.329347673247	15435.69986228438	15474.26736536233	15134.440437344341	15316.575166197512	15103.607617885757	15457.354565500817	14163.517420345725	12422.89649999716	15066.70350041995	14886.009163191799	15382.512821828359	15849.85402335729	13351.230125697892	14650.99996401515	14024.339013357932	14156.070830378492	14517.30481668484	15741.7774083421	14272.027691219719	13271.863477265062	15339.374523062812	14345.205977666286	16445.63294337951	14850.09123742596	15450.89937843487	15795.733649163692
1200	1500	13132.927984504544	6181.453439883613	12032.190926610896	14714.197999860568	12038.151340898014	13704.02468538685	10902.647859377597	15758.600239933048	16533.49595445914	10139.696932360028	8014.77401623521	10575.85608836448	12180.711229742366	13615.681558650776	8054.224168764165	14277.059188389541	14786.533132042123	16619.353515625	6630.432628569347	12912.25137745889	6598.909104963402	12131.945472592213	14102.881443114471	11918.775748909668	13641.295810092177	11431.255599965882	15238.04715975279	16275.237050325351	11880.124824617347	13640.450003953529	12677.421580756969	14678.748748985761	7203.520860048491	6091.148870652722	2820.8302087837046	3933.4201707677494	11323.294557065217	15131.701665664694	10392.991140294069	3211.9827805745585	14636.354307869413	13022.30180105911	13293.945704494594	14682.115653319477	13373.899407783543	14264.51345781194	12815.05360126615	14455.135128640917	13488.871608896412	12803.940433398564	14182.831936177301	14584.279793352818	13612.078496214963	13866.158051230213	12677.369275977151	10984.13860040017	13546.8841462396	12921.636684767056	13783.532624848429	14615.27032814971	11946.569700358436	13174.649927383814	12284.015496885102	13326.23590303261	13788.171319665635	14029.809923919665	12719.893145733335	11977.754314131193	13726.310557497967	12886.689525075722	15376.617163209448	14696.158319642778	14470.458194800205	14359.045452252885	13717.547856339535	12882.796047489384	12454.594667536281	13101.723371532313	12242.363916015625	13832.746472632063	13478.226827899949	13750.7762996239	13215.925436037925	14118.68454327563	13578.974819307563	13738.141905994049	13608.574956284116	13526.537412189437	12215.50394972178	11140.917186044298	13410.306465404889	13404.176223190234	13837.334872706779	14271.779286247112	11967.077163509297	12792.506928148674	12444.399370600198	12720.943321792362	13100.8335516994	14194.358568317422	12663.756282362454	12001.797624494155	13582.398968572388	12795.79397926094	15056.87054578194	13550.832740693933	13769.382900198783	14304.509200334143
1500	1800	12372.537314285044	6019.635643794827	11044.161575722483	13148.093744042833	10535.804169122754	11665.324109525513	10006.935721415794	13833.457926841964	14814.940933424312	9109.417983170119	7535.07977826587	9417.177090959749	10876.114109833128	12007.359413967457	7231.528077647388	12024.339316793008	13219.013309933505	12369.91064453125	5447.53475816989	12127.979175316123	6445.525300042277	10975.073306224385	12844.698412352154	10408.01471716338	12177.732706438444	9759.732884795023	13183.433485546817	14325.761379359254	10637.656614633159	11787.7182378753	11605.890196378263	13138.21596084179	6254.1492466998925	6256.893058530746	2791.390578338286	3907.2103308556434	9766.26976613451	13695.927873131472	9710.277931057477	3224.1638253595606	13752.939657922876	11760.619450378841	12440.723715679895	13223.515260494636	12203.906424333396	13344.818408011453	11883.227571026868	13254.32683272158	12547.459302602541	11999.03420017731	13103.615196208913	13496.625816846523	12456.095470906317	12663.580532229924	11816.670066381403	10418.813252325552	12564.640946041744	11806.667393929189	12491.644408201477	13391.779154277312	10920.091672683924	11964.654027966486	11257.836303910815	11979.104486254655	12346.492774968818	12799.990499271933	11608.89589985687	11216.819365121175	12391.727773864728	11838.062367856912	13676.28264814766	13173.253454700895	13238.097516009222	13207.570440428099	12515.544323039505	11215.27404643148	11517.282506060415	12175.982605700068	11218.34942927574	12727.883476347592	12339.5427461902	12792.911880415904	12395.866965419718	13212.974396216185	12521.00949831117	12618.634092578073	12265.357645753698	12532.7676401568	11028.814369286565	9858.869072366813	12223.489294920066	12494.55428020924	12524.285107081778	12987.690750128337	10910.649026379875	11844.052465553978	11266.950547216016	11694.65949005562	12213.134624270573	13022.08043468418	11503.942464563954	11038.871976759217	12295.871818887954	11598.497775287487	13386.215678646216	12699.31510017744	12705.04177385407	12885.41260910683
1800	2100	11722.984154218047	5884.830798234502	10345.391018217644	12088.67867938221	9496.838495356842	10324.150506540507	8993.250816742668	12297.902877721766	13206.517989510063	8437.40471866348	6965.351968195934	8275.984980203732	9950.567131196889	10361.623544898115	6848.814987033647	10972.17272465772	11984.5156696168	12182.877685546875	5627.589994844023	11492.041330846534	6302.6452249439535	9619.976748607198	11954.50122309373	9290.606137967434	10161.135207823292	8952.707648097143	11636.608127210107	12962.489869294763	9668.620145753614	10744.985734688022	9903.454046536737	11650.363826046523	6374.08011011584	5671.276078419019	2773.9830698687324	3855.4174564479476	9097.705798743207	12628.793604311735	9253.354257996905	3203.5685007909533	12437.740038200192	10674.899647053608	11555.48552255432	12388.062379565645	11153.325035937796	12297.172590798124	11129.448147724768	12542.286784425216	11437.756171509413	11282.123925725979	12123.540607003222	12545.502578015712	12004.729531183013	11983.045891514861	10518.724827605824	9470.901854353699	11602.48206542424	11138.014924703702	11774.669451201531	12617.005684345348	10251.547490838306	10715.46563262089	10579.197362462439	11453.168351946753	11561.1127818319	11909.823648048306	10826.504508291231	10573.460171794379	11443.80448702035	11016.414352094329	13066.610945651744	12416.96174663226	12597.20674116291	12239.436237051314	11687.709038287256	10565.649292276205	10850.137521375089	10991.603218626491	10319.268734149078	11916.476457279588	11608.141229906121	12014.046570635446	11519.518152986177	12329.039856802965	11781.778126324183	11915.134366324388	11119.987477693177	11660.772510893778	10853.104711487107	9283.678123198126	11727.114993175828	11744.313614310106	11649.261418007618	12283.733697422036	10419.66970947513	10791.08795703125	10690.556877003472	10712.697927442066	10764.720899897851	12134.25765908253	10610.531275591899	10362.7594308116	11461.98006048544	10949.277930847436	13065.833632726206	10971.995380955117	11948.98610979157	12177.635071468238
2100	2400	11078.310184580305	5496.65472722818	9626.876741392423	11216.887810622018	8438.020811437025	9678.582675546248	8427.342517552579	11173.36757442349	12642.993778850381	7719.101673655084	6556.3895181441	7896.566013410162	9105.583427256313	8783.935990486238	6115.314565036974	8863.627501837098	10668.95439510349	12279.4189453125	5736.347968112616	10873.572941226155	5925.460697517429	8426.114561987704	11168.795843088334	8375.00609448877	9604.70915880159	8119.314070843326	10891.888236760075	11814.56921110828	8835.587078400697	9365.80371114129	8975.826231534513	10769.127087449217	5942.5181283674565	4966.347959456905	2763.7979606892895	3763.431523009622	8032.393773267663	11585.671271644562	8626.056098277222	3098.33531752279	11844.068036279405	10149.081207807527	10594.590665437629	11630.519112444754	9787.778342104175	11626.440055855806	10683.8735456067	11613.422154243013	10828.69650509164	10777.802895845756	11322.438239981697	11965.840622267811	10609.443523092361	11016.889094189553	10041.648762475937	8069.58612014551	10930.764018974149	10474.685231397709	10906.020946668403	12319.367497405443	9616.943285732008	10063.788447820862	9692.717005588975	10545.188576811322	10564.925440067971	11261.125733994322	10008.254979172041	9953.252895368383	10930.646165801434	10510.293999283685	12252.069944436393	11826.5904078874	11996.871164830942	11349.830291785278	11313.056570334338	10109.799766515676	10135.201968728961	10685.17629713772	9566.287650037168	11238.679881379778	11042.938839806242	11192.012074163895	11122.242610430943	11783.595924536829	10809.736504772824	11294.624022783231	10380.871221930063	11097.566072833208	9834.02109080013	8193.190129804168	10827.257207918212	11042.369915348994	10838.004044814988	11839.848988746471	9573.22337528722	10183.672383759469	9834.342649747072	9853.375640882878	10232.964357528219	11508.470929040142	9862.80182817019	9737.800617946268	10928.419651533546	10279.354485575128	12017.303364322534	10793.255990381178	10825.39143712728	11293.653010316202
2400	2700	10545.997182415242	5274.526715548396	9007.51522962182	9883.02238349433	7831.77587372039	8077.321218049098	6924.823472202498	10502.771045832793	11026.301923435058	6145.663508727376	6502.039211366235	7013.912750001843	8133.513607176256	8575.420657504563	5333.068678539778	8220.235501431003	9773.201294638258	11030.486083984375	5440.066890263057	10410.736627878217	5788.25481998237	8829.795468189677	9756.971704257616	7590.023592869697	8123.667898469951	7595.864772955947	10025.752672129393	11140.327057257897	8071.875830742453	9262.95345921588	8704.675239101423	9475.319140946414	5146.259675040409	5162.754450972362	2670.667417421892	3724.2864552367305	6916.067966881794	10285.430452087965	8385.951480766615	3099.5174388418886	11371.332921042875	9239.663198919267	10235.215309135501	10865.313697521253	9494.763185255826	11078.011189812434	10185.301316937763	11221.307444742091	10606.426981735012	10516.30525375307	10627.832895173615	11571.311098464977	9901.1639809603	10471.972909094331	9413.037781722098	8079.438808290456	10283.80279429795	10169.239919035292	10354.110152934383	11125.573651962803	9037.945905651985	9714.250874986936	9131.163207601165	9905.945236693686	10332.526862893317	10555.740175033248	9336.943893154985	9708.480106149058	10191.028147689274	9960.914834773259	11424.7281385039	10706.316122643675	11027.935389664446	10650.698055433326	10287.237065153302	9139.538330418945	9577.900835805422	10009.667635771495	8712.260339173274	10540.21390186941	10636.223231685099	10595.47567515313	10247.17952135515	11251.915267703967	10388.101215690147	10900.362454449765	10053.12102810136	10456.571165528238	8965.990009253279	7973.914660580179	10302.17855237054	10792.230949272318	10227.963876030006	11252.154361243904	9027.881641871236	9393.815516808712	9243.414152016789	9353.19074827911	9320.370465050446	10874.959125305262	9278.890858596185	9456.342595056767	10102.318060171578	9882.183267490354	11242.540037624263	9749.391336358762	11123.767996521281	10486.373940732268
2700	3000	10101.29448575803	5207.603487907665	8293.249853083518	9300.507306288268	7205.097058496762	7542.169943346878	6771.853301738112	9688.720017405773	10170.02798429715	5991.029669795298	5777.84397124358	6401.378793140726	7869.398552961074	7636.208769578771	5275.583170005411	7760.343656936495	8971.831470902336	8056.8843994140625	4946.202319734302	9908.866647785157	5385.99714443223	8397.656440109504	9241.905636676782	7119.552077586976	7757.208364589874	7090.68976568918	8888.08830228631	10497.660222282848	7605.114494437912	8180.413620886699	7476.774878595789	8990.026692172643	4657.119935681573	3942.89316485005	2619.2527285023198	3671.8748406912373	6739.514545855978	10016.371191213253	8112.202753110256	3061.9612781398205	10377.798488322209	9073.636469406267	9888.853425840462	10271.43623161044	8980.849110751938	10550.176602798776	9944.666601258912	10668.86931168276	9814.081392579234	10153.86753634	10116.127944513557	10750.070088148232	9674.391462645966	10051.492324070889	9090.67313861368	7394.0809186511615	9528.859330330164	9713.676642930886	9921.819905049788	10757.415670713626	8778.930374529775	8662.908246346327	8855.479747548861	9406.92566543762	9571.01460899449	10098.43409862662	8962.900865343368	9285.956568811625	9832.243903224764	9380.544310766147	11384.369458872392	10280.539739225693	10080.869021516393	10053.065088198407	9953.446744928153	8519.819963273252	9065.09890179089	9293.277276369281	8206.085122361823	10303.151797177721	10034.392578634044	10172.980981329423	9677.56751129785	10866.371131647835	9908.663964019514	10103.236564250825	9274.46915018863	9898.74100734086	9015.910516638824	7524.471748345116	9866.533895769375	9864.276686047699	9818.4226050412	10256.766504708356	8681.863272094446	8904.127264322917	8716.32708274001	8966.049381370001	9349.803181654104	10272.886032604907	8974.699198438333	9221.815174235611	9627.203121928284	9420.521986213462	10582.30459221684	9252.40233545241	10408.92446257089	10278.84984669274
3000	3300	9699.489383210263	5126.745555484769	8779.616517733684	8766.251761153822	6772.804526621691	6899.687436691762	6210.441852208491	8987.984476140875	9309.82589901756	5813.974414102556	5682.136031058884	5979.034139362829	7305.247317620492	8002.708432652828	5532.635529259646	6781.695587460357	8305.638116176782	10061.955078125	4829.924320674443	9515.623242660038	5500.218687774238	7085.585591300589	8522.695047757	6591.538456717409	6933.601308925811	6701.498508915144	8423.284153787801	10112.46876230201	7349.081683557212	7890.902601544566	7039.460836136751	8036.358202062548	4763.359175309806	3724.80863969044	2582.810270349922	3638.6131949500455	6200.9721125169835	9073.265744456818	7912.662147694928	3049.32004402187	10278.60205051178	8319.828061076105	9401.020317867704	9651.075645583833	8223.914144126442	10208.242182450213	9299.699313125158	10180.917441186282	9749.641398412019	9847.529573586133	9937.738409938214	10524.562444809777	9317.896512844118	9748.793582142818	7968.820797348406	7446.630716146577	9093.337468395184	9174.778154250096	9450.126228219897	10644.882620482176	8570.672400443236	8245.227208424783	8363.947610779825	9254.474819422087	8926.15203505045	9590.066731045088	8436.785370005566	9077.819532658106	9186.429536064976	9014.547524250227	10544.990699189108	9998.772692435434	9849.687578125	9652.873317425307	10100.333052341293	8184.1344041287375	8933.077873152362	9159.642990390332	8238.086555777023	9943.51807665099	9663.841854129158	9673.06524548108	8995.154111346586	10173.591810938135	9789.255033021704	9654.65512239941	8870.519039321603	9492.294728931287	8389.868093711963	7437.414492109389	9551.556619989573	9673.42195237674	9340.275474871734	10403.444691670944	8529.365387499964	8231.977199928977	8593.163074474282	8620.297503483536	8279.711885042718	9930.411663967992	8484.436109287824	8664.10003717963	9208.770947341658	8931.002340151983	10511.396950723145	8615.336003082874	9611.66261090242	9633.400987953752
3300	3600	9310.315003670314	4952.558399052152	8035.9758322386615	8009.059678927578	6447.258865784166	6188.545301631173	5903.047558279847	8609.384506519285	9135.62714641492	4770.536320274046	5474.862411871189	5738.109817332097	6773.726534204858	7399.178684087971	4556.678066592392	6576.402672493812	7318.200586357739	8732.266357421875	4552.99189157197	9132.91592623099	4987.428000055312	6899.363283251153	7925.168577491224	6244.960347294287	6260.407518224702	5774.048734650764	7595.239656452018	8454.897814077553	6849.477543256072	6810.951822067541	6283.570548241956	7706.281754887634	4622.238203798492	3480.0570593392977	2504.2389544889147	3580.4110230136494	6064.779447775136	8616.255743275518	7683.334956424447	2983.888558689636	9644.111770596199	8073.687209166551	9289.80147206525	9021.458811311528	7574.429768941767	9627.370350878382	9180.473689998067	9913.793319636834	9431.755430432524	9576.298306720531	9552.098824572618	10247.531541953937	8656.090838574202	9436.820525354331	8089.818844141671	7233.803646431745	9039.445034221451	8427.941755779028	9025.715412862288	10241.200049626053	8312.312858797997	8331.609837261358	8166.018772885341	8509.986170803024	8405.57325425242	9173.96634784446	8246.268306669888	8868.149962395304	8994.26218699772	8931.121579686092	9768.312239391205	8809.910711161652	9631.94715484119	9494.263852448714	9049.635714548938	7907.514204008405	8626.06247238625	8704.566196388498	7207.989817513992	9409.707439980459	9257.424864781593	9414.769369970394	8472.822872422908	9786.130343297604	9244.342509276488	9220.156533331361	8494.649044173244	9031.105103738344	8122.881660400779	7047.98406734997	9002.333140947203	9300.221786186807	9245.248787507773	9415.285741585922	8021.303228460017	8042.279536931818	8274.174390053106	8100.74247164086	8259.007497026876	9526.596532109372	8327.922925742148	8545.366927762478	8934.806159825357	8652.017974664195	9604.537608443023	7790.406790460324	9126.093386415458	9223.258890337846
3600	3900	8928.723647111423	4806.885475297012	7397.582886822456	7705.802983617555	6200.523348779638	6171.969282903591	5505.347659118423	7843.756123541373	7965.012454701849	4825.32630886613	5356.194317400109	5105.064917383042	6636.388535467075	6927.315607892336	4796.812179132708	5770.719463386158	7004.041648575553	7135.6046142578125	4049.8162434895835	8744.032386676465	5022.061468754255	6520.884913710297	7294.899471105013	5971.992410003329	5756.653708916359	5944.4442194311305	7641.969091084633	8336.646595816737	6320.048950984202	6660.757072130308	6152.314659326809	7309.813362594496	4059.8881426791486	3777.5044496597784	2468.8805993549727	3542.253039459392	6164.497188179348	7997.294768100985	7543.436288403216	2955.6554610553353	9638.116764700177	7767.508198611135	8748.674183458726	8681.409601555817	7770.551472489304	9430.08697880667	9050.967192882857	9607.595685976396	8856.642889982451	9247.357245698166	9059.813946250015	9609.444164356015	8787.248878819168	9186.951016367671	7613.6540340172	7005.372211143562	9133.971435773856	8816.776290003567	8934.517082069555	9355.042816113848	7989.253657712197	7964.712289227982	7703.816531008327	8566.933139440382	8347.958369122063	9038.852492590628	7892.181909070168	8744.507024457962	8605.513399517116	8466.417789638626	10167.285075144262	9036.750170676336	8866.488912973873	8954.764054120387	8890.551120419506	7738.875039080677	8183.135080881992	8622.768719672134	6813.798815006996	9457.825684585487	9175.910733145254	9322.756616017788	8982.500783557567	9582.636380343463	8893.532936441734	9195.700032759269	8309.468205297078	8778.471026418203	7678.170563665975	6481.572680522043	8720.442603738271	8883.65606181934	8798.499027129976	9597.398563229915	7714.472716964599	7997.770122514205	8021.922063703868	8201.652457651766	7826.574889200597	9143.401951840346	7917.36770002705	8470.383779479542	8521.221875881978	8391.393919051407	9682.768045551822	7766.856373586218	8926.393018902741	8620.730341429033
3900	4200	8586.176877796586	4301.872765188404	8113.45135768114	6924.091149814608	5783.010105562824	5391.640852960946	5175.39099867966	7399.37409782918	8050.094241715819	5001.350264489015	4756.075872901979	4694.4870557009235	6205.3646427953645	6598.9222011148495	4637.570785174864	5698.127984981726	6304.959093994632	7503.2874755859375	3831.879032446232	8390.780467820747	5053.785042544145	6757.944580078125	6749.180979605874	5637.525388534917	5353.622281246981	5503.676226106619	6974.568721251335	7766.599766768363	5909.119772484189	6490.34793095915	6089.561794511788	6752.854132382519	4281.353199420798	4219.143811953965	2382.9625306156286	3493.7893202417868	5263.353751188859	7373.29471605223	7284.44982094182	2893.4840949596714	8827.694677626587	7518.21015237132	8553.01772338504	8930.620260873342	7296.463998029885	8989.832858880636	8647.828685295948	9182.75330890979	8437.57169487878	8983.559557600132	8759.690711871885	9271.138877491756	8265.42576083517	8303.855325777351	7600.977393166612	6310.700608104733	8291.981173026246	7827.570231807706	8723.346507779961	8943.463553678506	7763.478386822726	7862.794744907069	7428.954796517591	8136.373581156115	7834.335156876447	8644.021338693783	7645.871812289197	8582.305850843539	8261.23643701042	8159.860350064205	9236.844342854132	8290.710923063412	8656.530994813013	8404.859106187172	8582.548960346512	7317.814785992395	7930.825417245241	8105.449841923524	7292.948223512564	8910.53287765231	8795.579023249957	8523.01742104639	8167.140054015536	9179.537209566575	8351.976398103121	8699.715597272063	8225.438350439803	8597.557703552307	6875.302745048874	6333.515282821447	8551.327853571738	8682.570423675923	8294.527054570895	9360.216993992235	7662.933189420912	7266.788152107008	7758.754818209489	7641.189138196414	7301.7718855969015	8871.803040064531	7488.208055711176	8003.968052144222	8376.825859016126	8040.138334329991	9388.439351369776	7667.938440978605	8425.697909662944	8376.662222664556
4200	4500	8161.516931092233	4467.447233375088	7009.193471722898	6274.719779513456	5725.386796599294	4795.869599612639	5008.448643983111	6684.65591820154	7551.323878536843	4260.104853291312	4732.014052759895	4659.926293173138	5690.35111492997	6113.207431854471	4555.928109779517	6029.502426902846	5657.678213133827	7235.849853515625	3704.5358832654974	8032.354256257361	4914.317816712689	5737.916196729316	6085.647942777396	5375.333487778676	5210.236862253369	4535.6120825438575	6574.378783478237	7423.981657703084	5687.703371631856	5192.377894126115	4807.093204376112	6240.215919526714	3973.595571794181	3399.1173765120966	2382.685219155564	3449.839729738945	5133.573573539402	6936.883194492426	7224.559829479956	2888.070703189456	8371.326142772145	6803.194315665652	8146.782213696611	7872.890728796314	6578.553020252222	8811.208378400534	8451.106651183458	8826.342397316006	8166.4299646681575	9071.21437201062	8612.560667416223	8830.096550025604	7722.68812404784	8427.493402859924	6829.233871025747	6351.467471174792	8164.689426931407	7677.715920954296	8047.261461635221	8456.495675738008	7447.513596597659	7365.262993942481	7237.548150421448	7793.838247692855	7510.015104178267	8136.412873257922	7192.142404129354	8499.56773699242	8051.524389525754	7907.263439215873	9031.49139661612	7486.462531931338	8326.376829213626	7822.180051973459	7843.840343632622	6864.138799228021	7842.869573386539	7796.872000380472	6651.849509532416	8731.715574669826	8296.492688788687	8330.691668894322	7675.05174581315	8839.326952015796	8221.019363159821	8440.018660450149	7559.690861484734	8348.495294366865	7180.499656786411	5883.866265903536	7984.395629452908	8184.752764517917	7902.91384410953	9215.69244998877	7350.522377660195	6983.6918490175185	7385.680114404069	7348.150896910019	7063.093773964724	8274.460311679797	7157.999332643564	8108.246809099595	8015.236989091453	7780.821496114732	8702.30923250673	7274.869761188981	7504.723671637483	8176.278329775545
4500	4800	7896.826621836777	4291.006191673759	6565.159849453817	5919.439775770468	5314.211197245275	4997.897142834296	4869.447948065969	6489.6544858905945	6806.416426437634	3736.431898484766	4325.621930094685	4061.6664910724226	5294.751945185468	5278.110456109337	3957.52754827878	5662.30446722956	5787.562435511289	7883.0325927734375	3788.299719821601	7716.839492623761	5013.948411078226	5095.196044921875	5842.497029987628	5073.377296670056	5205.407091096527	4506.436083756642	6446.327566214017	5749.49114608058	5615.465841944688	5915.781370745676	4484.948470978833	5658.9867177500455	4287.133587688578	4302.620192004788	2343.5743299623555	3367.8336917488186	4696.881892068614	6538.2080764871025	6946.087111735525	2844.5661677577186	8083.7874718807125	6241.13577374401	7927.685882736965	8352.559839723455	6420.60003754447	8063.860166360632	7979.480619318224	8488.104182262017	8080.042673025494	8817.15452283536	7965.4624305768675	8475.590654976018	7528.294947433409	8190.08615354681	6839.2398048607765	6012.60981809377	7519.637747699685	7377.33989142243	7969.861889205668	8134.810028993147	7420.079702049598	7271.592036062048	6756.684371234023	7701.924890591841	7453.716611492858	7901.737301675658	7020.559804346675	8550.335631747861	7780.537240992993	7717.589438461254	8432.25110336741	7661.533697642172	9210.006010822233	7739.129425818283	7967.4283557308045	6592.863628204615	7248.128532879942	7480.995772677603	6782.872678477728	7898.048553827866	8179.1849186063955	8353.440599794025	7584.101800179436	8546.133351471255	7810.862776078659	8136.85582182648	7223.4222779941265	7873.319901617895	6778.25395156545	5971.472819173147	7681.076133183576	7721.993911364518	8131.389945001555	8581.643272146111	7079.276846358186	6719.223860085227	7229.797184902919	7162.371234868043	7562.121523991685	8216.64425178136	6921.703180298212	8245.988768350944	7366.872181821886	7660.869437202849	8437.983180904248	7316.018942440257	8258.045749075509	7987.486552034287
4800	5100	7498.461096096518	4403.675166636463	6058.763387764449	5953.03440265364	5036.228495127141	5052.491833761869	4160.282471704367	6192.671190871266	6465.081902262847	3471.394821054335	4182.294504163434	4083.89105208721	5113.70372306218	5033.204377067176	4108.345351328688	4668.150325359685	5117.905246591419	4105.168701171875	3784.145089245065	7366.768534447246	4646.757820066691	5461.361378153817	5777.935381358746	4923.266750098283	4543.826508688595	4763.111208668446	5841.866106043723	6372.336260337307	4925.106866538119	6464.767435369985	5078.681728087004	5246.402165231375	3594.298754040948	3863.8485566826275	2350.564210232045	3324.2786587920336	4649.247243036685	6272.23470515476	6824.539222810689	2805.8578786931434	8463.703263777508	6478.244016628862	7285.175927720541	7878.982761736572	6895.326163472278	8035.320772813907	7741.479567690546	8325.554449372523	8109.855275085414	8501.646524130758	7852.363603582171	8216.105788845485	7475.999245408896	7887.643999937494	6562.663331508476	5601.042949794117	7216.164731866589	7487.257940451976	7877.0687043742255	8239.14323114004	7221.543908364536	6689.773896331957	6752.566424145973	7304.171440480076	7022.397769927072	7487.818696108594	6723.197460254099	7997.7642170878835	7600.741436401331	7438.223001916384	8828.699836306387	6644.289333719904	6941.901204853996	7271.606538317271	6866.748474590267	6925.752595229613	6924.097404365836	7531.408762254132	5861.921158337949	7974.475046528835	7698.169388811192	7780.839540061468	7445.258553875236	8533.60252079033	7627.950420040781	7811.908628301967	7101.079942245406	7916.143088473029	6048.115001636014	5844.226978573143	7474.597408624884	7515.583374873731	7581.930237678794	7677.510899400026	7168.127833497939	6811.511766276041	7118.799227451101	6606.648665962877	6381.755876506033	7857.701342350085	6657.269199412653	7699.482537769784	7277.346987011202	7340.759248419236	8491.619750796783	7264.037561912786	7138.475750829484	7441.018884618488
5100	5400	7302.3195956995705	3966.8831551057806	4791.042553926991	5554.663649324764	4958.9091469177365	4578.367605187494	4054.9632358504514	6296.8954093465445	6445.7761783816	3354.143055491021	4013.6824468774385	4087.5075435655804	4297.448810328622	4123.638613423814	3884.173240956014	4652.703118956915	4903.923409183085	6522.966064453125	3570.892264910789	7089.778288927147	3964.501445099037	5571.140874143507	5247.916449669379	4735.131982469601	4367.41589550036	4635.9478838954765	5412.004118591552	5620.486037851838	5063.441219656808	5968.755462493642	4013.845550066494	4752.769271998459	3055.8123898841595	3131.269385553175	2303.2108728510007	3300.668109222322	4607.754683678669	5564.427471960015	6739.4324170161935	2754.1727574748393	8281.824330984626	6417.86857132393	7363.195064209088	7505.138365567971	6914.853927727727	7558.890002152979	7549.858386352342	8060.262320458734	7337.716139163203	8313.207516372899	7694.869144563936	8080.471683512565	7050.110805274107	7526.177774482617	5611.114885941292	5704.048772957804	7081.829189699172	6778.417403078442	7773.543780458371	8078.888377928143	7045.45009732938	6975.821467881218	6475.784857652961	6865.724083810291	6834.363289979666	7497.794615483595	6744.810356324403	8021.5059760130625	7207.9697309791145	7341.324918958537	9017.594741178002	7124.833620641347	7519.138518026383	7164.505261880782	7248.097081129073	5631.3055682921195	6609.468600206358	6933.5780843098955	6354.451184628615	7462.446919903542	7920.240710278421	7358.94448867991	7258.927197265625	8231.700452690957	7561.61379008086	7850.515620779963	7343.92627927256	7302.7738198143925	6139.021602466868	5496.374301906933	7310.656116005488	7220.149363868591	7689.057613495025	8028.724207119481	6839.227022189825	6759.398415187026	6632.448493528639	6666.7795209422475	6434.003208651864	7808.244325372783	6649.668531639567	7265.509601211219	7099.490394636479	7243.294467265135	8411.965432707797	5872.053560623468	7304.638224702555	6948.429003668933
5400	5700	7098.132094568591	3966.3946791482686	5184.427076491635	5174.572186810502	4924.018349726312	4453.96112934809	4196.437652946443	6368.6360721062865	5223.413061895516	3970.3898777574473	4292.116735850477	3842.7682680137204	4359.512342911281	5084.03250996759	3470.248924521389	4238.217392723159	4675.1974439804335	9568.834228515625	3184.7363897292485	6937.930488760825	4266.343803613513	4817.592282154521	5405.878344789648	4795.333753504139	4241.728809940391	4344.785403392566	5768.134121388	5585.194206359343	4297.783283986202	4823.113076746563	5271.600348023475	4235.663841505639	3768.4401242591593	2960.715593235467	2287.801211759668	3254.3274664068017	4237.2565487856655	5230.742272629568	6639.365529397817	2710.0453290492665	7506.5644979919025	5923.405636911738	7318.486868838208	7485.056631296558	6162.117977679046	7816.371383053047	7600.224888778598	8288.017861119806	8341.148454533068	8041.957606563593	7972.387418804098	7598.0259968197315	7003.410638171552	7555.68130519628	7278.138002306871	5997.146418140914	7071.478148914704	7454.238224497108	7816.0769571717	8420.03944640695	6750.871417312209	6330.716604556421	6472.790452451535	7075.900261128472	6496.21600409952	7156.466118013108	6349.440156879079	8001.150471149301	7095.834497553831	7341.074695663752	9058.546633741305	7643.850202043879	7889.556104956455	7331.12900714789	6417.123633000169	7450.168658796606	7036.363040232359	7447.532876688312	5682.208478830821	7284.7304732368875	7769.524557439022	7396.643124824234	6698.115270926866	8001.466821568014	7140.949298133424	7228.917481188446	6736.797895094469	7302.019862979528	5893.266091351289	5499.023839615276	7400.126082228554	7740.894925998925	7516.875591621968	7755.064670194591	6825.676872785571	6671.9309759114585	6879.752064524151	6614.969643544614	5734.086058774609	7677.33188482851	6282.950471294767	7325.744234684128	7206.634436753664	7140.72668732239	8348.810879107603	6874.1167209201385	7956.402536961384	7541.792711853546
5700	6000	7093.27977369227	3553.8244878101327	5627.738951016317	5471.078063658875	4888.6279149904785	4685.251748221262	5287.3790745668575	5561.715579913148	5458.794419092235	2992.9555855329354	4561.093074625793	3842.483005736685	4293.65825713916	4691.051796958162	3728.4700724000104	4657.897169660814	5641.061744375601	5415.0877685546875	2934.284877323604	6889.587795417598	3850.8240601274915	4741.570525622758	4757.285423408507	4840.397499613294	3904.805678560708	3897.754751089394	5468.654422272704	4509.94821848804	4678.874927318339	3953.7485391301584	5156.282783625955	4380.1214291476135	3817.009814453125	2437.8539323704217	2217.724217476719	3205.1542381917275	4033.579710045856	5262.570201014341	6514.957535775582	2699.342399198916	7431.890506028602	6720.918372362497	7232.162464674142	7973.278788614178	6191.00845415401	7539.799312130518	7525.954406362444	7965.255600158678	6697.920028504768	8068.398097187551	7345.778265791267	8097.85113604429	7341.524872758197	7409.192028363327	5756.8827740848365	5530.209288867812	7523.806883222155	7474.062693028626	7525.122086427223	8624.538364183167	6728.205502909842	6101.928811642106	6411.753648976012	7113.332548047509	7131.209641681145	7390.5032682536	6489.956228054504	7620.848237469657	7030.518884540753	7418.568973089583	8411.343529326517	6859.083116471309	7767.879779553023	7037.198384288464	7503.279095812997	6100.752350180134	6901.451345666306	7386.845722685034	5624.5985529202135	7289.634843471544	7754.638348470722	7331.809599642211	7262.767059753071	8039.020270604406	7260.826011948365	7216.643027967923	6708.166236448824	7257.442451179815	5748.201754765594	5781.8178511222395	7154.329557804535	7591.153505304558	7244.72729487329	8484.581638419211	6622.52851412007	6393.388835345644	6834.108566720711	6280.899129189035	5797.470420041699	7501.909818320566	6322.912167113016	7350.055176301146	6885.57795701361	6414.698692392195	7721.334640750127	6052.683398038577	6709.521896376578	6745.04426293263
6000	6300	6898.209980623002	3941.6675823744113	5592.617983657702	4930.450962688494	4630.462358173894	4026.8529011498345	3764.4872896688735	5599.738146509968	5429.370094481182	2929.530803176592	3909.58870325742	3779.9170525910936	4438.068007522792	4599.907057446111	3536.785695067565	5222.88581561098	4248.28038527009	6655.4451904296875	3001.2145742847647	6706.886246522381	3744.942271276327	4458.713278848617	4535.7216319583895	4627.192398426408	3870.2063747742077	4909.668545769665	5667.300085986997	5242.881859365592	4570.086675630946	4836.718216579227	5364.211653269342	4367.6876634746695	4065.6360045123924	3141.807631625924	2175.849530254809	3212.2210370165644	4597.693857336956	5055.558493542577	6509.309503389447	2653.9404013797985	7416.452301429597	5894.666104483268	7262.265946387839	7431.832746546527	5761.750179504302	7245.746652815813	7508.124344029885	7491.7385072141315	6378.11019352195	7947.201690357993	7558.339215232849	8131.837280917453	6838.6241120446375	7427.435765206953	5580.288216549056	5612.29514488539	7149.751766365139	7778.046991532606	7103.680272057709	7982.538683354886	6958.961959707535	6904.872621983217	6217.604832028328	6984.73525946118	6526.885332270228	7125.527626058765	6344.109040192652	7468.85464553984	7130.431482954756	7131.733126301562	7965.71693994223	6883.792896054523	7768.075691918545	6782.63883279038	6954.913749689493	4988.328167829695	6232.15009392328	6879.589730838232	4435.899356306844	7252.499154433446	7563.150360899455	8068.804526316969	6922.301528440306	7860.814092105207	6960.381804623273	7071.51219675922	6813.947744445489	7726.767674050976	6199.051938783194	4971.797986852843	6620.643954679897	7070.368885058551	7390.901789149953	7258.497451813559	6599.03513050422	6281.7905312204075	6450.45552534892	6412.025545873163	7018.162322389568	7680.6271111409515	6319.4226308453935	7143.418839914007	7327.796046472939	7027.877462277706	7237.4078058122	6224.907468788297	8155.020143314429	6713.961711289324
6300	6600	6487.301383821429	3391.0588099945	4134.405558628318	4856.933896496466	4592.781086860296	4555.953739338198	4428.732418925396	5464.784217624365	5616.683945364019	2837.397864099992	3923.89770103747	3269.6895101403998	5338.209751870182	3757.207047288435	3725.4805554647546	4412.933068605933	4477.310305461454	3849.2307739257812	2721.6184596348476	6384.779613976198	3811.4236035659083	5143.2262243052	4697.476650562284	4407.289379323468	4326.809896301081	4649.983868745921	5879.5730960700375	4716.623456595253	4497.074055076132	5755.826956518106	3310.324359065697	4371.932778764935	3034.9636991514008	4490.477504935316	2079.0904730200687	3137.818350974739	4085.9622323794156	4873.524323132983	6246.5582346831125	2626.6435646972277	7468.159505343069	6463.978247867672	6765.494827826041	6674.16535602066	5735.038376962543	7006.259920841452	7530.272181066843	7519.839959044815	8099.425473131514	8017.481581674356	7159.022653186927	7291.000845300322	6807.645566863989	7201.171683644494	5616.253031119879	4859.431619285693	7162.389828365237	6721.490936081522	7061.993366654942	8632.106762811141	6844.610726071651	5878.708663671658	5663.049445580847	7387.416904591689	6711.485856665034	6988.110453541771	6248.109669630159	7224.622179143861	6965.318532221944	7080.039028055505	8163.601930563606	6957.106690649055	6852.226360303534	6391.677347103335	6060.802651715228	5153.180982274641	6077.3228889616	6923.609463183699	5554.154840133439	7681.4653503832	7037.98792909808	7268.436505358733	7347.6006928240195	7595.187007575738	6769.988658585877	6420.10760727859	6462.647108005917	7094.51880024245	5260.516935509226	4772.095217395666	6819.075849627477	7076.0130143321285	7102.385145172575	8016.455421225295	5849.5016445665	6299.856267992424	6063.759677467308	6264.202996327084	6028.594236689843	7196.891372806294	6223.164460188012	6703.462702879103	6498.7542137561795	6679.448982468494	8333.709532702618	5974.8596347783905	6418.134614892715	6415.401235490986
6600	6900	6513.016607229513	3399.248932829455	5272.699049147885	5167.3858294990705	4720.578304233341	3945.461683813901	3553.3550111419263	5826.230053360307	4920.317016840074	3257.1256891364833	3367.2208948257216	3410.585909987309	3521.046518270047	4022.823558976296	2800.0575065807875	2833.841173530805	4434.338790158697	5819.4110107421875	2960.8629339258155	6320.6438869001795	3664.423063653473	4455.387730332672	4641.378220436639	4416.07972592235	3580.9393165594274	3623.004893073445	5773.990062106037	4796.959430413319	4342.9213210540565	4591.759986890178	5274.217939238814	4302.116160738902	4589.096633721713	3425.4265845514115	2156.36278446649	3111.4806791562382	4370.690119819973	4726.655772504442	6250.779603243606	2620.924111135485	8114.787016407544	5687.98800616102	7206.629608288316	6159.754590150057	6013.967193141828	7258.521949287162	7625.567609445701	7026.459888137305	7641.868922830236	8127.964979351877	6978.650453501181	7392.372826075078	7053.177098405219	7249.370167343024	5384.120512802385	4730.947629842783	6695.173476032272	6809.815242127789	7091.306547463368	8115.950316674972	6225.116046948079	5301.361600163523	6176.551862736383	6375.201048509418	6873.145541513071	6837.863209528248	6305.59975859736	7438.537465580796	6981.14317036267	6661.953702442005	7991.434569489092	6553.109945117051	6680.110170017931	6925.6923757757095	6139.613363227338	6444.281984069171	6360.144317809584	6212.874613869229	5697.050862189905	6809.182847646005	6974.5086882783025	7057.861079203932	6685.9884921155035	7341.423417149721	6537.796991068701	7012.878056468552	6220.335340864203	6866.771286270242	6515.699810713388	4977.4337815265835	6928.574587879764	7018.138361863173	7675.736037366876	7427.245655800822	5998.443091441462	6681.6073925485325	6300.485388083506	5907.457259772402	6335.027153015137	7357.850721292314	5953.080100190401	6426.888706383135	6704.982450486061	6396.790299844879	7713.575841080633	4729.113381100325	7707.098576173702	7172.485429892186
6900	7200	6264.37173129364	3546.562769101206	6054.917263334832	4082.111497592759	4431.835270453932	4022.6691022717014	4031.5195873195385	6621.918626382572	3949.1264392752905	3933.4502787288825	3708.7689751637245	3562.7077440537155	4904.281277629995	4261.378894429079	3012.1699198887327	3928.940492006812	3764.8174613501383	9668.37255859375	3146.8929534414156	6243.9120505955025	3738.7447329271026	4983.134013691886	4327.650602961436	4086.1492505726455	4190.36715024332	4347.521426613513	5311.15314019269	4339.097974462746	3569.8974304614426	3322.8833708341213	4555.5887462756245	4140.795873427483	3510.806878956762	3141.739328035744	2129.7222758655266	3126.752347240198	3591.9897675993548	4239.311462608408	6174.678642247454	2547.2434254006275	7260.703054802833	5848.199384489252	7332.304596055346	6876.7918576560605	5414.661401514928	6764.773878126187	7326.648952323351	7015.2722935801385	7439.321765365211	7606.160220700124	6366.431764725944	7700.5833728329835	6729.804080049177	7004.286274373737	5175.71212636758	5492.632301053545	6440.843293359883	6713.825172439365	6570.186036855246	6845.751832406019	6469.786013495287	7041.065010756341	6116.2655693477645	6164.310947042331	6169.488294475009	6986.995621713343	5712.593538066837	7506.409747820059	6523.694934843392	6971.377133205379	6270.083558364019	6941.931141708513	7188.335983926741	6011.811911937812	6838.382988781133	6086.290520697763	5958.180669714918	6907.6741449125075	5956.608687215777	7138.4150950138	6973.342395009484	7530.389869120151	6928.486907785917	7275.4735737787	6863.379610015022	7085.140812300971	6566.181512616385	6815.785912392836	4909.393303705891	4479.955781011229	6937.006619333403	6415.197012981436	6905.588778276586	7901.275857700606	6459.0125721975655	5855.119928918087	5950.263600161482	6504.582544375718	5237.58740894341	6880.516558014488	6130.466275097528	6955.210588219512	6219.1021351089885	6405.452484731145	6865.20816655784	6874.234588942185	6206.480251330098	7354.458576010499
